scenario,source_location,source_requirement,model_translation,status,publication_rule
Baseline,"Sensor table, 1 October 2025","15-minute totals for pedestrians, two-wheelers, cars and large vehicles","Corridor-boundary departure profile; daily detector totals checked",modeled,"Input bins are exact; detector passage bins may shift through travel/queue time"
Baseline,"Sensor table, 1 October 2025","No direction or OD fields supplied","Balanced non-transit directional split and fixed corridor ODs",assumption,"Do not claim observed directional demand or network-wide assignment"
Baseline,"Safety report, page 5","37% of motorized vehicles above 36 km/h","Common desired-speed distribution fitted to point speeds",modeled,"Five-seed result is 36.76%; target is aggregate and from September 2024"
Baseline,"OSM PT topology plus GTFS proxy","Line 34 route, stops and service","OSM route/stop topology plus 107 individual 15 October weekday calls",proxy,"Call it a near-date weekday timetable proxy, not an exact 1 October timetable"
Baseline,"Large-vehicle sensor total","803 large vehicles","107 buses subtracted by bin; 696 residual trucks",modeled,"Do not add buses on top of the 803 observed total"
Baseline,"Sensor pedestrian total","1,528 pedestrians without trajectories","Two frontage-sidewalk exposure paths",proxy,"No baseline pedestrian crossing or conflict effect"
A,"Safety report 6.1, page 19","Retain 30 km/h and general street layout","Current network and speed environment retained",modeled,"A_OBS is not a full visual-design simulation"
A,"Safety report 6.1, page 19","Renew markings, lower signage, murals, lighting and clear sightlines","Documented without behavioral coefficient",qualitative,"Do not claim numerical visibility or safety effect"
A,"Safety report 6.1 and slide 1","Relocate both stops toward Émile Idiersstraat","Both active Line 34 stops relocated in both directions",modeled,"A_OBS quantifies this lever"
A,"Safety report 6.1/6.4","Reorganize signals or directions to discourage through traffic","DR15/DR30 demand response only; no turn/signal change",sensitivity,"DR cases are conditional, not design forecasts"
B,"Safety report 6.2, page 20","Retain 30 km/h and insert a chicane","Explicit two-direction chicane; 25 km/h central effective-speed proxy",proxy,"25 km/h is provisional and must be described as a proxy"
B,"Safety report 6.2, page 20","Remove six north-side parking spaces","Space treated as geometric clearance; no parkingArea or capacity model",not_quantified,"Report says six; slide 2 says five; neither is a simulated capacity effect"
B,"Safety report 6.2 and slide 1","Relocate both stops toward Émile Idiersstraat","Same two relocated stops as A",modeled,"Bus operation is quantitative"
B,"Safety report 6.2 and slide 2","Wider sidewalk/loading/drop-off/school-square use","No kerb-use or loading-demand model",not_modeled,"Keep as design intent only"
B,"Safety report 6.2","Enhanced signage, surface patterns and lighting","No behavior response assigned",qualitative,"Do not attribute numerical speed change to visual measures"
C0,"Safety report 6.3, pages 20–21","20 km/h shared-space section between Clos du Bergoje and Rue du Vieux Moulin","5.56 m/s on 12 directed corridor/approach edges",proxy,"Describe report core plus short west approach-edge discretization"
C0,"Safety report 6.3","Raised curbless distinctive surface","No surface material or elevation object",not_modeled,"C0 is an operational proxy"
C0,"Safety report 6.3","Remove crosswalks; pedestrians cross anywhere; vehicles yield everywhere","Pedestrians remain on frontage paths; current signal logic retained",not_modeled,"No pedestrian-priority claim from C0"
C0,"Safety report 6.3","Permanent parking removal","No parkingArea or capacity model",not_modeled,"No parking-demand effect"
C0,"Safety report 6.3","Relocate both bus stops","Same two relocated stops as A/B",modeled,"Bus operation is quantitative"
C0,"Safety report 6.3","Possible signal/junction reconfiguration","Current signal programs retained",not_modeled,"Requires selected final design"
C1,"Safety report 6.3 plus supplied C foot link","Pedestrian priority and cross-anywhere intent","One real mid-block priority crossing",proxy,"Discrete crossing does not equal continuous shared space"
C1,"No observed crossing shares","Pedestrian crossing intensity","Nested 0/25/50/75% crossing-share cases",sensitivity,"Compare L/M/H only with C1_X0"
C1,"SUMO collision output","Vehicle-pedestrian/bicycle overlap events","Events disclosed by seed",diagnostic,"Do not call them crashes or predicted conflicts"
D,"Mobility slide 3","Private cars one-way eastbound from Émile Idiersstraat to Tervuursesteenweg","Westbound lanes restricted to bus+bicycle over full section",modeled,"Technical design id is OW_FULL"
D,"Mobility slide 3","Buses and bicycles retain both directions","All bus and bicycle IDs retained; counterflow permissions explicit",modeled,"Permeability conclusion is in scope"
D,"Mobility slide 3","Eastbound cars turn right at Tervuursesteenweg","Eastbound private route ends on right-turn road",modeled,"Right-turn instruction represented"
D,"Mobility slide 3","Rue du Vieux Moulin direction change arrow","Existing OSM northbound motor direction already matches arrow",already_present,"No unsupported reversal added"
D,"Presentation structure","Bus relocation and chicane shown as separate concepts","Current stops retained; no chicane",separate_scenario,"Do not describe D as combined with A or B"
D,"No external route-choice data","Westbound traffic diversion after closure","Trips exit at Tervuursesteenweg model boundary",outside_scope,"Do not compare total trip time, VKT or emissions as neighbourhood outcomes"
E,"Mobility slide 4","Private one-way section eastbound from Émile Idiersstraat to Bergagegaarde","Westbound lanes restricted to bus+bicycle only over reduced section",modeled,"Technical design id is OW_REDUCED"
E,"Mobility slide 4","Buses and bicycles retain both directions","All bus and bicycle IDs retained; counterflow permissions explicit",modeled,"Permeability conclusion is in scope"
E,"Mobility slide 4","Eastbound cars turn right at Tervuursesteenweg","Eastbound trips continue through unchanged eastern section and turn right",modeled,"Repeated slide callout represented in v21.1"
E,"No external route-choice data","Westbound traffic diversion after reduced closure","Trips approach from east and exit at Bergagegaarde boundary",outside_scope,"Do not compare total trip time, VKT or emissions as neighbourhood outcomes"
D/E,"Sensor has no direction field","Directional volume affected by one-way rule","Balanced per-bin split inherited from baseline",assumption,"49.4% frontage reduction is conditional, not a measured forecast"
DR15/DR30,"No source response coefficient","Possible lower non-transit motorized demand","Deterministic 15%/30% removal of cars, trucks and motorcycles",sensitivity,"Buses, bicycles and pedestrians fixed; no forecast claim"
Expanded_D/E,"v22 feasibility test","Complete local diversion loops","Bounded expanded network with forced routes and zero background traffic",tested_not_adopted,"Keep as audit only; do not use absolute outcomes in manuscript"

