scenario,passenger,truck,bus,motorcycle,bicycle,pedestrian,pedestrian_crossing
current,7597,696,107,210,755,1528,0
A_OBS,7597,696,107,210,755,1528,0
A_DR15,6452,588,107,178,755,1528,0
A_DR30,5315,495,107,148,755,1528,0
B_OBS,7597,696,107,210,755,1528,0
B_DR15,6452,588,107,178,755,1528,0
B_DR30,5315,495,107,148,755,1528,0
C_OBS,7597,696,107,210,755,1528,0
C_DR15,6452,588,107,178,755,1528,0
C_DR30,5315,495,107,148,755,1528,0
C1_X0,7597,696,107,210,755,1528,0
C1_L25,7597,696,107,210,755,1528,382
C1_M50,7597,696,107,210,755,1528,764
C1_H75,7597,696,107,210,755,1528,1146
OW_FULL_OBS,7597,696,107,210,755,1528,0
OW_FULL_DR15,6452,588,107,178,755,1528,0
OW_FULL_DR30,5315,495,107,148,755,1528,0
OW_REDUCED_OBS,7597,696,107,210,755,1528,0
OW_REDUCED_DR15,6452,588,107,178,755,1528,0
OW_REDUCED_DR30,5315,495,107,148,755,1528,0
