scenario,passenger_fleet_boundary,status,CO2_kg,CO_kg,HC_kg,PMx_kg,NOx_kg,fuel_kg,electricity_kWh,vkt_km,CO2_g_per_vkm,CO2_kg_change_vs_newer_pct,NOx_kg_change_vs_newer_pct,PMx_kg_change_vs_newer_pct,CO2_g_per_vkm_change_vs_newer_pct
current,newer_Euro6d_proxy,assumption boundary; not observed local Euro-stage distribution,881.75351184,1.2941737199999996,0.22937537000000027,0.12720035999999954,0.22217072,284.59638246000117,36.01047,2745.3389599997395,321.18201966582797,,,,
current,conservative_Euro5_proxy,assumption boundary; not observed local Euro-stage distribution,872.9830042000007,2.4425513499999902,0.22810191999999999,0.12930682999999912,1.3186028300000003,281.83535024999975,36.01047,2745.3389599997395,317.98732940433825,-0.9946665958491572,493.5088251053066,1.6560251873497767,-0.9946665958491726
A_OBS,newer_Euro6d_proxy,assumption boundary; not observed local Euro-stage distribution,689.3974010900013,0.9880946599999999,0.13970000000000027,0.10728410000000015,0.20807243999999953,222.45781059999874,29.496149999999982,2745.33895999974,251.11558577454002,,,,
A_OBS,conservative_Euro5_proxy,assumption boundary; not observed local Euro-stage distribution,675.9872451900034,2.32291202000001,0.13741298000000055,0.10832417999999965,0.9953180700000004,218.17148003000108,29.496149999999982,2745.33895999974,246.23088625459474,-1.9451996597021113,378.35170770333764,0.9694633221507174,-1.9451996597020995
A_DR15,newer_Euro6d_proxy,assumption boundary; not observed local Euro-stage distribution,594.2417444700011,0.837449849999998,0.11481998000000015,0.09594594000000015,0.18991775999999982,191.72370059999926,24.923570000000016,2372.2173099998836,250.5005515156747,,,,
A_DR15,conservative_Euro5_proxy,assumption boundary; not observed local Euro-stage distribution,583.1440785000001,1.951280449999992,0.11294729000000028,0.09683602000000023,0.8521695500000032,188.17732637000054,24.923570000000016,2372.2173099998836,245.82236882000862,-1.8675338905884022,348.70450767743046,0.9276890715751842,-1.8675338905883951
A_DR30,newer_Euro6d_proxy,assumption boundary; not observed local Euro-stage distribution,505.2197754199989,0.6862801199999978,0.09280659000000004,0.08523513999999996,0.17374021999999945,162.9683147000005,19.424250000000004,2006.3282799999927,251.81311575790616,,,,
A_DR30,conservative_Euro5_proxy,assumption boundary; not observed local Euro-stage distribution,496.18395023000113,1.6026925000000032,0.09140726999999985,0.08599119999999975,0.7190791000000012,160.0809731300001,19.424250000000004,2006.3282799999927,247.30945338117996,-1.7884939643318785,313.8817713020068,0.887028518988524,-1.788493964331878
B_OBS,newer_Euro6d_proxy,assumption boundary; not observed local Euro-stage distribution,726.4767031000006,1.0308399000000008,0.14722238,0.10788741999999997,0.21226790000000037,234.4283218,30.40783999999998,2759.0135099998947,263.31031017678066,,,,
B_OBS,conservative_Euro5_proxy,assumption boundary; not observed local Euro-stage distribution,712.0237579700005,2.4445305100000074,0.14465900000000023,0.10894557999999936,1.035600719999999,229.8065292500006,30.40783999999998,2759.0135099998947,258.07186350821013,-1.9894574827144367,387.8743889207917,0.9808001711407985,-1.9894574827144276
B_DR15,newer_Euro6d_proxy,assumption boundary; not observed local Euro-stage distribution,626.752853359998,0.8708918400000001,0.11993549999999992,0.09639695000000076,0.19387111000000018,202.2175067000001,25.371310000000005,2384.015709999851,262.89795437633137,,,,
B_DR15,conservative_Euro5_proxy,assumption boundary; not observed local Euro-stage distribution,614.6701952900014,2.062825739999994,0.11780928000000018,0.09730761000000028,0.8898181199999996,198.35415960000054,25.371310000000005,2384.015709999851,257.82975871834327,-1.927818597908554,358.97406787426894,0.9446979390940425,-1.9278185979085682
B_DR30,newer_Euro6d_proxy,assumption boundary; not observed local Euro-stage distribution,533.4951800400006,0.71803356,0.09941593999999997,0.08574697000000021,0.17721212999999952,172.09578501000001,20.630150000000018,2016.2871399998248,264.5928595468039,,,,
B_DR30,conservative_Euro5_proxy,assumption boundary; not observed local Euro-stage distribution,523.73005565,1.7065257299999974,0.09787012999999999,0.08651569000000005,0.7469386300000006,168.97383417999956,20.630150000000018,2016.2871399998248,259.7497376539562,-1.8304053636001694,321.4940760545019,0.8964981503134537,-1.8304053636001483
C_OBS,newer_Euro6d_proxy,assumption boundary; not observed local Euro-stage distribution,763.103480460001,1.0732644000000005,0.1721882600000003,0.11128597000000057,0.20237345000000068,246.2715858999999,32.06514,2745.29365999987,277.96788794537815,,,,
C_OBS,conservative_Euro5_proxy,assumption boundary; not observed local Euro-stage distribution,750.1996608000003,1.8921129199999964,0.1686492800000002,0.11259812999999984,1.0945891899999995,242.15710624000045,32.06514,2745.29365999987,273.2675457386354,-1.690965903106914,440.8758856460646,1.179088433159422,-1.6909659031068973
C_DR15,newer_Euro6d_proxy,assumption boundary; not observed local Euro-stage distribution,654.4906112700006,0.9062091899999956,0.1419413500000006,0.0988801400000001,0.18536105000000017,211.1911793800003,26.928459999999998,2372.178509999925,275.9027655427252,,,,
C_DR15,conservative_Euro5_proxy,assumption boundary; not observed local Euro-stage distribution,643.8347661600014,1.6041391899999995,0.13909575999999954,0.09999564000000051,0.93209514,207.7942940200004,26.928459999999998,2372.178509999925,271.4107574307389,-1.6281127531107185,402.8538304028809,1.1281335159926014,-1.628112753110731
C_DR30,newer_Euro6d_proxy,assumption boundary; not observed local Euro-stage distribution,555.2812273500003,0.744539889999999,0.1169609999999998,0.08773594999999988,0.17016465999999986,179.1454856399995,21.348930000000003,2006.2956899999633,276.7693865454152,,,,
C_DR30,conservative_Euro5_proxy,assumption boundary; not observed local Euro-stage distribution,546.5920009499989,1.3313302400000033,0.11480877000000017,0.08866937999999977,0.7831245000000027,176.37553372999957,21.348930000000003,2006.2956899999633,272.4384065989839,-1.5648334523155947,360.21571106480235,1.0639082382989975,-1.5648334523156047
C1_X0,newer_Euro6d_proxy,assumption boundary; not observed local Euro-stage distribution,970.7965393599978,1.3663677000000027,0.20947237000000038,0.12330409000000021,0.22424186000000002,313.31169802000034,38.98192999999998,2848.820140000332,340.7714392807841,,,,
C1_X0,conservative_Euro5_proxy,assumption boundary; not observed local Euro-stage distribution,953.7286322599984,2.2427133899999956,0.20392140000000064,0.12478195999999984,1.3285957799999986,307.86171922000045,38.98192999999998,2848.820140000332,334.7802196666187,-1.7581343163060188,492.48339270821174,1.1985571605934797,-1.7581343163060215
C1_L25,newer_Euro6d_proxy,assumption boundary; not observed local Euro-stage distribution,976.0984220800001,1.372987839999998,0.2131218499999997,0.12361614000000042,0.22444268999999958,315.0239864199997,39.70772999999996,2848.820140000332,342.6325194681776,,,,
C1_L25,conservative_Euro5_proxy,assumption boundary; not observed local Euro-stage distribution,959.0832030399997,2.2380309300000047,0.20752620999999974,0.1251112600000002,1.335358109999992,309.5916040100004,39.70772999999996,2848.820140000332,336.6597945491526,-1.7431868195977704,494.966184908938,1.209486075200031,-1.7431868195977551
C1_M50,newer_Euro6d_proxy,assumption boundary; not observed local Euro-stage distribution,975.9687681300036,1.3723974800000007,0.21331451999999937,0.12356548000000007,0.22457096999999923,314.98206831000164,39.41224,2848.820140000332,342.5870080130401,,,,
C1_M50,conservative_Euro5_proxy,assumption boundary; not observed local Euro-stage distribution,958.8715031600003,2.247799960000007,0.2077293600000007,0.12505822999999983,1.3362837800000023,309.5230773800022,39.41224,2848.820140000332,336.5854831256173,-1.7518250100115735,495.03852167535587,1.2080639350081839,-1.751825010011565
C1_H75,newer_Euro6d_proxy,assumption boundary; not observed local Euro-stage distribution,985.3975688899978,1.390887980000001,0.21461181000000024,0.12438793000000008,0.2254890499999995,318.0287979599998,39.58062000000003,2848.820140000332,345.8967293350724,,,,
C1_H75,conservative_Euro5_proxy,assumption boundary; not observed local Euro-stage distribution,968.3665295800005,2.2568729699999994,0.20902160999999972,0.12590422000000012,1.3486553700000057,312.592058100001,39.58062000000003,2848.820140000332,339.9184511451424,-1.7283419248925083,498.1023779203507,1.2190009111012976,-1.7283419248925012
OW_FULL_OBS,newer_Euro6d_proxy,assumption boundary; not observed local Euro-stage distribution,751.0730381100037,1.069337530000004,0.18653973000000018,0.10352777000000035,0.1850386,242.3878062400002,31.79162000000001,1780.7743399999445,421.7676665927403,,,,
OW_FULL_OBS,conservative_Euro5_proxy,assumption boundary; not observed local Euro-stage distribution,740.7123066299998,1.7523688200000025,0.1833515900000003,0.1049106799999998,1.0576443899999999,239.0918318400001,31.79162000000001,1780.7743399999445,415.9495619360862,-1.3794572503994529,471.58041078996484,1.3357865237505273,-1.3794572503994418
OW_FULL_DR15,newer_Euro6d_proxy,assumption boundary; not observed local Euro-stage distribution,588.7967510199985,0.8199932400000021,0.13629787999999965,0.08469951000000005,0.1681903599999996,189.98482641000044,23.899079999999998,1554.1056899999799,378.8653209422367,,,,
OW_FULL_DR15,conservative_Euro5_proxy,assumption boundary; not observed local Euro-stage distribution,580.2142940800002,1.4993663800000017,0.13383189000000006,0.08564100999999998,0.8053027700000015,187.25003536000037,23.899079999999998,1554.1056899999799,373.34287996848377,-1.4576264093051754,378.8043559690362,1.1115766785426835,-1.4576264093051896
OW_FULL_DR30,newer_Euro6d_proxy,assumption boundary; not observed local Euro-stage distribution,483.79702976999897,0.6452603000000031,0.11346967000000001,0.07424318999999983,0.15483765,156.0675730500001,17.542600000000007,1330.17783000001,363.7085349482898,,,,
OW_FULL_DR30,conservative_Euro5_proxy,assumption boundary; not observed local Euro-stage distribution,477.00055302999994,1.2434907300000027,0.11179138999999967,0.07499428999999987,0.6540789000000015,153.90157943999955,17.542600000000007,1330.17783000001,358.5990852290752,-1.404819856630814,322.4288472474243,1.0116752795778765,-1.4048198566308248
OW_REDUCED_OBS,newer_Euro6d_proxy,assumption boundary; not observed local Euro-stage distribution,874.110456339998,1.2635516100000006,0.21064829000000007,0.11755781999999977,0.20822521999999877,282.11706947000044,36.911630000000024,2246.4353100002836,389.1100057272015,,,,
OW_REDUCED_OBS,conservative_Euro5_proxy,assumption boundary; not observed local Euro-stage distribution,860.8268261099979,2.21290576,0.20685134999999946,0.11913101999999962,1.2402401900000004,277.88578579999876,36.911630000000024,2246.4353100002836,383.1968017409276,-1.5196741022433466,495.62438690184007,1.3382350914637982,-1.5196741022433542
OW_REDUCED_DR15,newer_Euro6d_proxy,assumption boundary; not observed local Euro-stage distribution,692.4366936399994,0.9870971300000008,0.15995348999999967,0.09692512999999997,0.18773698000000083,223.45184928999933,28.151479999999996,1949.1456100002606,355.25139327066836,,,,
OW_REDUCED_DR15,conservative_Euro5_proxy,assumption boundary; not observed local Euro-stage distribution,681.4811386399988,1.904181169999995,0.1571230899999999,0.09804545999999954,0.962152289999998,219.95811943999985,28.151479999999996,1949.1456100002606,349.6306972365742,-1.5821742407106476,412.5001424865755,1.1558715474506693,-1.5821742407106438
OW_REDUCED_DR30,newer_Euro6d_proxy,assumption boundary; not observed local Euro-stage distribution,568.0743039900001,0.7812538800000005,0.1317314799999997,0.08437009000000022,0.1708204399999999,183.28253931999987,21.31126999999999,1656.5675200001767,342.922517272305,,,,
OW_REDUCED_DR30,conservative_Euro5_proxy,assumption boundary; not observed local Euro-stage distribution,559.3131965099994,1.5768642900000003,0.12965372999999963,0.0852496500000002,0.7779540900000038,180.48811049000037,21.31126999999999,1656.5675200001767,337.6338059012166,-1.5422467480864739,355.42213215233744,1.0425021473842038,-1.542246748086481
