relative_path,sha256,bytes
CITATION.cff,bc2d55b60341a1586564d9ecf2a04b9b7df2c82ac02e4bc715b3d11613bced7e,614
LICENSING.md,18988b58de576d764678d87cabf4fcda5c5cb603c737efb2909681f5976042c6,815
README.md,99441c1672179220990edef5841d5f1605f65a2cac1426dffb60920bc7b3deb0,7664
RELEASE_NOTES_v1.0.md,4d98ccaeeb657c8d2df66defe5085d2e7fda68593a49a66cfadfe9e1b4ce473d,2136
RELEASE_NOTES_v1.1.md,511499972b92c0713dc45cf7abee73b0cd4959ec297391be5d72aab66aa781db,2561
TECHNICAL_CHANGELOG_v19.md,63e19f5ba7415cd9d5155cbd0ee900d4b9eaaaf2f630ba5b7d573b59f09d5c39,4615
TECHNICAL_CHANGELOG_v20.md,c1260799037d975e5f976bf83f1a62b0fb012017be596a0765695e9ef4a714af,1969
TECHNICAL_CHANGELOG_v21.md,31464e0fed09cd0e5fb2da2a7c266fcd918615b74bf67da1ae175ffb2cfae96c,3158
TECHNICAL_CHANGELOG_v21_2.md,e338d8b0f2ead8cc4f7df365723dac2d767de62c91b9030cf2f0e5dc3a8b5ac3,1405
analysis/calibration_targets.csv,b52d53edb355537e20adc012cb4ed23539352b47bf3fc4515cc20c56f906839c,484
analysis/calibration_validation.csv,47f2306a2d9ac7f73b6086603d321bde77f4a36f2637f892f852c255b0da0e09,414
analysis/demand_definition.csv,3cad07800fc0ac21f3e8c8d6ef40dd3cb9f9a8b58c54393ba275c0d2e86fbf59,847
analysis/evidence_traceability.csv,1c38e34153155556e8ed3ab4d6f60ffca84d3ca228c8d409b5635da9ea1ae5a5,4176
analysis/fleet_assumptions.csv,f9518f749b909c273b19773e156fba5922ed9f0be06545e14db5f144e03e97be,1111
analysis/fleet_emission_sensitivity.csv,a0cd14a7ff8927ad6e3d75583dd39bf1ce7217c54d1bfa8ca136274b63370702,12345
analysis/observed_sensor_profile.csv,4f9b18c8dc6878dc21a4018e05d4ccd39b7961c134b4243eedb4812b10242966,8187
analysis/oneway_modeling_audit.md,6f0999aeabcc55b5067d8328c0522bb6f6a849b5b2d8806acf7f4b73add27917,1906
analysis/publication_case_summary.csv,5f20da969c2b20eb23969b4480b180d40e0cef095f2bb86546f4a935b150cc4b,1366
analysis/replicate_kpis.csv,3c1759c8d6a948a098943579e4e0ea6241d9ada1386f14877af5249de81c602e,150422
analysis/replicate_summary.csv,9cdb5814551aef84bc9b236ba7d77efaeaa8d21b22fae372bd16697c5388a8ee,12386
analysis/runtime_migration_v1.0_to_v1.1.csv,04ccf4bc50528e2f0052850dcb2c25265a6ad2f4b0dd2a71ff372797776df21c,31395
analysis/safety_proxy_summary.csv,66d006ff81f0ec02fa3d13294fbd8ddfe5cd8826bd4b977b6d663fef4d1f9325,3803
analysis/scenario_C1_interaction_summary.csv,df6ca4d6700c981b397c27d074a78ddc3d5ba4c478799a084b2ef8fd2f3cc9c7,1671
analysis/scenario_C_feasibility.md,ee4057529d09c5bbe2775cb37d500a3777bdef2d000a41e409ba8831be361e2d,5462
analysis/scenario_comparisons.csv,a78437c4e9f6e9be6ac701df68858158d2d756099469d10c07c96a3f34ad1675,15779
analysis/scenario_definitions.csv,3a6e2a77603a3725313a7d03a5757f32e898c92deaf6361e43892eb0004a7410,4158
analysis/scenario_kpis.csv,8618189a2e6b0a1f9235480bb06fbc4859e28f5f3ca700b0e8139e9e50e4c9b0,33732
analysis/scenario_oneway_summary.csv,41964621b2f24d2edbd0a342f8c6f6ff232a76784a4cc2831b3eb7e6ac685353,5603
analysis/source_register.md,366e6a8be7be94f2b6a886b921684de3cb78887e1aed0f326333fde8688319b8,261
analysis/technical_results_summary.md,5de240e6aef33d8579803a7113f48e10c09aaa902fedcddb661592ef3e35ad17,11667
analysis/temporal_calibration_validation.csv,4ee434de306ae9131ea7b135b23e2654426c09720076a0d18463910560c69fb2,515
analysis/validation_checks.csv,b9e2d8137585a017eb4ab48af4fc2134f66a25677b6a9a4c9a3bda2828dce87d,28241
analysis/validation_report.md,731c2259011bc5fe0c786225987b5fe02dc4817a221c7ad306eb7d75e81e6e98,2204
docs/GUIDEBOOK.md,7bf4ed070328119b73d5fe4abb818a996a2af5c3b56a880b4b0aa004ebda1b0f,31332
docs/HANDOVER_BACKEND.md,e51bdde3dc8b3defcd5147ceed1d71ce923f17423a20554a9b99003c4b432927,7517
docs/HANDOVER_FRONTEND.md,3efa565a6854990cf8619a4730f2cad45bfdee1cd06897614d29e03efd142a66,7988
docs/PUBLIC_RELEASE_CHECKLIST.md,53fcf3f34c344004bc2006c1c530ade3981666d729c6eb53158869e53f4c7f79,3008
docs/RUNTIME_MIGRATION_SUMO_1.27.1.md,51f89168da1e90aa5c089aaef6b460b128d671298387fb06f146d01be7d00037,3510
docs/SUMO_School_Streets_Guidebook_v1.1.docx,228aa51b464e938f3e4e3439b1bdf5cf820ca2d4bb8bf1baffc0af4ee9b36a23,1415126
docs/SUMO_School_Streets_Guidebook_v1.1.pdf,2b09609cb0793028a170a5e42edec0a25e43ccd5c563472aa79a7b64d8d0a6a4,1151139
docs/figures/manuscript_figure1_workflow_v1.1.pdf,1d5552fb22e34aa5540443e9ae0edc62cc6b8f10cbdc9ec711033462fb3bf2ae,34678
docs/figures/manuscript_figure1_workflow_v1.1.png,5e3d1711a1a24f75c22d3f5db9ad27264fb84e6be3d589918d8dc5074aa1798f,421780
docs/figures/manuscript_figure6_primary_results_v1.1.pdf,405991c5d634365f9455f7773ef8a1d5f7529f210e94b57f0878a276df057e4e,43842
docs/figures/manuscript_figure6_primary_results_v1.1.png,ed74f2880b40ed7362b21cfb7a63fec6853cd67c5416e217c8f37152dba79e3b,274421
docs/figures/manuscript_figure7_supplementary_results_v1.1.pdf,834ab1dfa9ec0cca0d67adbed52152738811852330a6da38bf86f2f91d099640,33386
docs/figures/manuscript_figure7_supplementary_results_v1.1.png,b875d5372dc2dcd1b7771e3b2dad919bbd8660d43f103287337fca60f28e2960,346285
docs/figures/scenario_A.png,d1e55ee0d1bdc9ba1687df1f0034f0bccb36195ea2a634c7ea91a97ebd2c16b7,224483
docs/figures/scenario_A.svg,a734728bec61ebff48030450dffada025ab5f0d5775114f052852e8c7da7f048,92295
docs/figures/scenario_B.png,056d310b26e39f4f8620c7c3d77169e790c4c204794522dec3d32c53ca91360b,226520
docs/figures/scenario_B.svg,7b837aabf571e3412007f7c90010fd4cd789dd3143aeae870b194a8967110b75,94301
docs/figures/scenario_C0.png,8459416162121aa7a3a1c563435b91c962eb63f1b8f227254d618e9f52b06dc4,239395
docs/figures/scenario_C0.svg,c3154303ffe8fef357251ddd6a4edd4df9f23647fe6f4b37dff3319825f44630,103862
docs/figures/scenario_C1.png,f2e700c9e45832a309e396cb0a3eed05ab7d2b9ec5c35a5658f5d8e7adc84360,239094
docs/figures/scenario_C1.svg,1cee5b9c15f30e5e6b066429d101e903d4f2276835ea06630836876162e919b9,101559
docs/figures/scenario_D.png,0bab69526ea5450383e33416f119f597bbf9703081f432145e3d327a42eb6902,233119
docs/figures/scenario_D.svg,25d7fab9634b9f9f3d8b542c9d57cfba7f2100a96fd968bcde3fee798033ec06,96078
docs/figures/scenario_E.png,86f854780013d0055aa21632d1b40f48b206f08528f579e797b867dd22e04ea7,240296
docs/figures/scenario_E.svg,bf70662c48a11dc895884cce80d319f2d837e928294ed1c7eb01ee05c22cbe41,98922
docs/figures/scenario_implementation_overview.png,1a927b1051a250a45e45d589c299ad5eb65a382187146ad2aa4ec9510cb694ba,756405
docs/figures/scenario_implementation_overview.svg,1d3f0544d9acd9eb700b82346cbfc4ea76fe06c744dbcab7fb23c18bec8ea4bb,507881
evidence/SOURCE_REGISTER.md,94416e08c5061f5c73f882927550016c10874c1cc0fe7e5f9e8c2475ed0084af,5127
evidence/gtfs/README.md,f1a5dbadc6282aa0ad3c1b6e0d68bdf410a98b1c07471f4e8023cd1ed3f04aa6,1783
evidence/gtfs/line34_bergoje_schedule_proxy_2025-10-15.csv,4f5ecacc9cf9d0ef440e6f73a45b78663c123a01d447d863c565f2173c195975,26020
evidence/mobility_expert_one_way/README.md,804f4c746493d921a88bc81f14a736e532eb5d4911cf996295b7101b4827d35c,414
evidence/scenario_requirements.csv,afd75f34fb3a001baffebf2928074997c6ecd3367321d35956f53078d6b2b0ca,7216
evidence/source_file_checksums.csv,5067eb63022733ce2cc9f7128076a512c6fa1f30726a71e51bddf407d828c98a,1051
requirements.txt,a5eb531e0510ae1c337a5f651e5a7abeaf2501cf74cc8b3ff89170ede72c1efa,40
scripts/build_guidebook_docx.py,6fcfe1e6efa4e81239f6c1513229fd7b6410dc62625b7f431ed8f298aebde053,25083
scripts/build_manuscript_figures.py,09fc3f69f9f93dd4a46d0b4a17e0dcb77317e7a4356519833751162b6f2231fb,9105
scripts/build_release_packages.py,8db3f8f6114c6c6f0f7f6b624d6c117adcd556958febe7b46950fb5c3570d098,4281
scripts/common.py,521bb1718bce3fb46b611f901c65f116e98ab1fc5e759971ccb8aba44e73146a,29412
scripts/compare_runtime_results.py,52e5bc6d1ea1a5d04f74b0a38ec09f31353868a3077503ec68250691a4e2f328,7573
scripts/extract_line34_gtfs.py,ebf962308955dfff44f29879d101706f127e04850747689423fe979ce75f4e4c,5798
scripts/extract_results.py,2f381824b24d440699645dabf4c4e450d7f6133c1c99420ad07b187a01410645,25736
scripts/plot_scenario_maps.py,3f81242cbf1051f63a651331dad611cccfd7ce52ae6ef167525e4a81d2e166e1,13171
scripts/prepare_experiment.py,09ad616ad485b092a40a8bbdf03dbe41b5886bdb6c8edb3d8c9f9e6e0918818e,61935
scripts/run_all.sh,a72f7570ff46351c8279262d07f0d65ebe79ba8b63f01175f94551e6a9e308d6,536
scripts/run_experiment.py,4bd66ec9ad381ca81cf98f7a40b350de4acd77f57c722a0efe2575ce3366e4a7,8042
scripts/run_fleet_sensitivity.py,f0a42a250965cef59c470982ce85a368159db67a5c4089b5016ec1e4b2ec2f9b,3847
scripts/update_manuscript_v17.py,33254327e455c0224507a2caabcd375ece7f57f920b32db46b71f42ef8057b04,21832
scripts/validate_package.py,a86e6fc6a7c1f71ceec83bbc74bfdb67946aa8b5a6f61c6e4c1283f8777e4f7c,28710
templates/B/README.md,08f069abf84925e77883e80a61faaa221f59c5f2e3f8af92e75f43af4582fda6,233
templates/B/osm.bike_moto.trips.schoolcal.scenarioB.xml,5b6a18e95a6237aa54e01c225f1c400126485ffa6f0d239a75b2bf8da2a5a51b,178608
templates/B/osm.passenger.trips.schoolcal.scenarioB.be2025.xml,a341a823116af2b29d6d8b8a9ab6dd822c1fd6210d01aaa3265ae624a5d2a166,1413729
templates/B/osm.pedestrian.rou.scenarioB.xml,9c2add209bdcc0a2667cfa9635c46e1d6cb6f8df76f77084dcb20b10a4f561fb,433731
templates/B/osm.poly.xml.gz,d40ed06c7300c204f15b53abb5ecd00ce626776cc402651fc2b3b69c0b963346,38880
templates/B/osm.scenarioB.net.xml.gz,0051b1d5310b19e78ecac46c6c48561cb3281d774e1cf4c7c76cd555577e8679,57117
templates/B/osm.scenarioB.sim.net.xml.gz,1a3bf9ed0dce5c85b20619f79079a1115941ea63543f0853f39e0acd8526027c,59646
templates/B/osm.schoolcal.scenarioB.be2025.sumocfg,09e652104bb4b61f72534d378b44f0b9530df04629ae7cb1f2b46e767ec21aad,1758
templates/B/osm.truck.trips.schoolcal.scenarioB.valid.xml,7202cda4adbe366e8ac26b0709f369499be4a327a450fa554e9db89812fdff5e,63442
templates/B/osm.view.xml,51d96963d903cbf3bf0d9e7718593c5dc76e5abc023a9821c101c9b4cc214734,93
templates/B/osm_pt.schoolcal.scenarioB.rou.xml,d04ddad0b159971eca3bf78c385cf718dcd6f7c113d04aa0470d3052a96f9ef1,2648
templates/B/osm_stops.scenarioB.add.xml,3f9b9bd69f802ab7415af6e5f130def59ad607395688f36223f10eab95d16ed5,1215
templates/B/output.scenarioB.add.xml,bc13e1ae7b46916198c9c12efc8ab5c0b1a237be375e2d2d55829cd91419bcfc,288
templates/B/run.scenarioB.sumocfg,c8df24df83e5a53f0ebda30a7bb4e4f3b20e21e491f1c2f0f91126240e8ae8f8,1792
templates/B/scenarioB.summary.txt,89eca49ae69868d4a75c434cd6a9825edd3cf51318854b2a288d4c90e73daa2a,2430
templates/B/school_fcd_edges.txt,fb09d906d848bb9cd60c0cdb2ab86a542261928408aafee750db7911a2e52e5d,35
templates/B/school_loops.scenarioB.add.xml,291c6a2ac314617e0417abba5e5981db0e9ea91c1d28f2b623e170658e0b908d,2261
templates/B/school_ssm_filter.txt,fb09d906d848bb9cd60c0cdb2ab86a542261928408aafee750db7911a2e52e5d,35
templates/C/README.md,43acb87f8369f302ebe74286349373e773d805bef859ddf6104fe6844427ea08,238
templates/C/osm.bike_moto.trips.schoolcal.scenarioC.xml,b61a3c15e2cf5b6d6722147179095b29216058045aa2191880e18f5b0d8244d9,153623
templates/C/osm.passenger.trips.schoolcal.scenarioC.be2025.xml,13793ba6574a283da7d683df7afc135a1716effbc25899e5af8ec6438bdb981d,1238078
templates/C/osm.pedestrian.rou.scenarioC.xml,fc2e75658f7444bb2bd7bfb5218abceb860160a984af76542d4e22f76c3bb182,479749
templates/C/osm.poly.xml.gz,d40ed06c7300c204f15b53abb5ecd00ce626776cc402651fc2b3b69c0b963346,38880
templates/C/osm.scenarioC.net.xml.gz,2ef9fbea81da376666e9d6cd7cba4284b2e863117f27527cf3786c1767a8d1ec,59977
templates/C/osm.schoolcal.scenarioC.be2025.sumocfg,9bb0c0a97d018bc67648fdc949209609758db4515c94e30018f19767be732724,1798
templates/C/osm.truck.trips.schoolcal.scenarioC.valid.xml,f51602796bbd70e256b82e61848a6d603ff0bf32788fc4e105e3ec558131ea34,54560
templates/C/osm.view.xml,51d96963d903cbf3bf0d9e7718593c5dc76e5abc023a9821c101c9b4cc214734,93
templates/C/osm_pt.schoolcal.scenarioC.rou.xml,6931b7979fb62de213e9e5f50089c5177596c9f98f14dde56373dc38e52ba17b,2492
templates/C/osm_stops.scenarioC.add.xml,3f9b9bd69f802ab7415af6e5f130def59ad607395688f36223f10eab95d16ed5,1215
templates/C/output.scenarioC.add.xml,ee2390ceba7fa98aea0b7fe73a4af3c0ec2adc3320cb94694568ee839c28033b,288
templates/C/run.scenarioC.sumocfg,4676bf8f5a830cbbe6517d232eff906d1d18b7a6ab5de94fca24e7d76febfda1,1831
templates/C/scenarioC.summary.txt,fa64b6abf4ca29af10fcfb07f47bee68ba9d1ebb98d4273231a714ea727bbec1,4714
templates/C/school_fcd_edges.txt,b8cfe7f65257a36a4cf88df171966cca195614ec582c888e66a3297c713ccea8,33
templates/C/school_loops.scenarioC.add.xml,0ac2719471d74b6661a955004c12dbbee6fe395700910d35afb106331b34fafd,2251
templates/C/school_ssm_filter.txt,c09258d105e13ee8110375cdb2d0a5956ed757614bf7f08ff76876bc89c97c24,73
templates/C1/README.md,3cd15e5e918f13f87d9c36baf8e4012f25762678854cd5c340a682f3ce819fa0,257
templates/C1/osm.bike_moto.trips.schoolcal.scenarioC.xml,ba271812c92110157a2a4f569a057f6fadb6db56413c8c7795fbb09edff8bc66,169707
templates/C1/osm.passenger.trips.schoolcal.scenarioC.be2025.xml,88e4a949031cbd3c93afee8c96b7b8ca496dc4b4299faa57c487938e782db461,1532712
templates/C1/osm.pedestrian.rou.scenarioC.xml,11d5fe53a060c78f78cad46bc29a17d673146ce272e93788897eef5f323a0566,222560
templates/C1/osm.poly.xml.gz,d40ed06c7300c204f15b53abb5ecd00ce626776cc402651fc2b3b69c0b963346,38880
templates/C1/osm.scenarioC.net.xml.gz,21efb28271a775e9ec3c1b1c0db081bb5093b7b537337fb421d502bfcdec63c9,59654
templates/C1/osm.schoolcal.scenarioC.be2025.sumocfg,9bb0c0a97d018bc67648fdc949209609758db4515c94e30018f19767be732724,1798
templates/C1/osm.truck.trips.schoolcal.scenarioC.valid.xml,cd1b48480db08f721520d8f1b278378cd425524e9ee7a207de9529ec23ca4d20,116202
templates/C1/osm.view.xml,51d96963d903cbf3bf0d9e7718593c5dc76e5abc023a9821c101c9b4cc214734,93
templates/C1/osm_pt.schoolcal.scenarioC.rou.xml,e05517d26ebe410f2b3c01c2dd6247298e44e8e01c10d5ce5440af23e79467f4,44843
templates/C1/osm_stops.scenarioC.add.xml,3f9b9bd69f802ab7415af6e5f130def59ad607395688f36223f10eab95d16ed5,1215
templates/C1/output.scenarioC.add.xml,59aedd4e6fe0bb05c1c04882d915b0dee7647846821be1c0761cc9dd800f2b43,284
templates/C1/run.scenarioC.sumocfg,4676bf8f5a830cbbe6517d232eff906d1d18b7a6ab5de94fca24e7d76febfda1,1831
templates/C1/school_loops.scenarioC.add.xml,dd3e1905f33d413c573096094a2a0db814cee00253f8ea79df692522197fe8d2,2211
templates/current/README.md,834d465f01b1a19e0433321e326421fcdbb3ec9f2cc0096b5a072f1b3a3aae5b,234
templates/current/osm.bicycle.trips.from90pct.valid.xml,c2814522f0eaadd7fcd91aea7945d55490e749f16e31556daf82fd6ac4ebe85a,122182
templates/current/osm.bike_moto.trips.schoolcal.xml,1aaaf14ccb74dc697a1e4e26edc750881fa67e094735aa2da5e5a8559ee2029b,154526
templates/current/osm.motorcycle.trips.from10pct.valid.xml,708a682767afd5845560e134aa52e1a1f897056f2670d44694e261819cef37d3,13740
templates/current/osm.net.xml.gz,3cb7fc30fa391309dae5488a1a91067c47169306799983dafb3df008b6d2a7b8,59524
templates/current/osm.passenger.trips.dejam.be2025.xml,9ba6f975b6db937a3f63ee417ac1ca7f255d4efe50adcd2cc0881d0151bde731,1181415
templates/current/osm.passenger.trips.schoolcal.be2025.xml,a8ff7c02517af8468b62e3fedc208d8d74c5c2e7ae975de9e7272d0a2ff6c2dc,1403944
templates/current/osm.pedestrian.rou.schoolcal.xml,b949f57f22ce724854b68abb4c3ce49de91a052b395610f82d9621a2b1edc9f6,427947
templates/current/osm.poly.xml.gz,d40ed06c7300c204f15b53abb5ecd00ce626776cc402651fc2b3b69c0b963346,38880
templates/current/osm.schoolcal.all.be2025.sumocfg,c57bb124f974e57af34a0ede317c0cc71e5f78b23a2db19b33fdd4e35d251355,1659
templates/current/osm.sumocfg,72038d2fd41465cec6f951af277ec9f240ee07683a8433882ac22ffb719a5209,1714
templates/current/osm.truck.trips.from_large_minus92.valid.xml,490ec997f9ca820511525f7b3aef703ec615233a616cf6636ecca5e3ee080386,105555
templates/current/osm.truck.trips.schoolcal.valid.xml,3328cb6aec5a29424b30412eddf83ad362e1b39961ead7b8249571ef2ac0c01a,62871
templates/current/osm.view.xml,51d96963d903cbf3bf0d9e7718593c5dc76e5abc023a9821c101c9b4cc214734,93
templates/current/osm_pt.rou.xml,c6b980344c4a34183a08c8067147dd3083adadf6513f6e4aced71aae47e73aef,3084
templates/current/osm_pt.schoolcal.rou.xml,84346337d6e9c606bd45890478301468068308a48cbf953a84cd5033ae8a027e,2456
templates/current/osm_stops.add.xml,a42da0c84f930cf7b0a4e25fdb026c5381c3f4e1a3ef2d05d3a7c3f263b2a40f,4367
templates/current/output.add.xml,f656d659cf7bff9a2f10b5e76831101b20a937e61a1945d3d5040706b8037d81,387
templates/current/output.schoolcal.all.add.xml,ceb5cced8cc93c922955643013052425ef3c71816d9c9aa51c34e467347d08ea,291
templates/current/run.baseline.sumocfg,1d2092e01a0f485504f716a0e5e5fb785987f452880f1ea9204b867d33f5e538,1716
templates/current/school_fcd_edges.txt,b8cfe7f65257a36a4cf88df171966cca195614ec582c888e66a3297c713ccea8,33
templates/current/school_loops.add.xml,a7d941c2f1cafb218c3accf01ec014a060c0979eeeb7f4cd629dbb7882283909,1997
templates/current/school_loops.schoolcal.all.add.xml,0a474eb6309294f2fc57d1ce8445b04720ae0f5f67c28440f21cfc53d61bc6dd,2241
templates/current/school_ssm_filter.txt,c09258d105e13ee8110375cdb2d0a5956ed757614bf7f08ff76876bc89c97c24,73
tested_alternatives/oneway_expanded/README.md,5dc754d756cb008c0b3dbdc99b4d4f1d23dea1d99333e0c7159a43a32aff02ef,704
tested_alternatives/oneway_expanded/exploratory_bergage_gate_replicate_kpis.csv,fc87ce11c411d5e4b1a2f49ffc237c36482b929c1066c29cd967087fa90974c2,11152
tested_alternatives/oneway_expanded/model_scope_decision.md,52298ce0a541ec6018fcc214c7e7573571b778065b2aabef11b1ea1947871da5,3939
tested_alternatives/oneway_expanded/replicate_kpis.csv,a090b545e859d01eab54c979c7c7f0f2801a2d8bf028fde2245511645cfe74b8,49142
tested_alternatives/oneway_expanded/scenario_definitions.csv,1ca00a450722c0fc20c29e6779347993c8cba31df273b0c2ecb5a14ddbeb9193,1299
