bin_index,window_start,pedestrian_total,two_wheeler_total,car_total,large_vehicle_total,source
0,00:00,0,0,0,0,supplied 2025-10-01 sensor table; no directions or trajectories
1,00:15,0,0,0,0,supplied 2025-10-01 sensor table; no directions or trajectories
2,00:30,0,0,0,0,supplied 2025-10-01 sensor table; no directions or trajectories
3,00:45,0,0,0,0,supplied 2025-10-01 sensor table; no directions or trajectories
4,01:00,0,0,0,0,supplied 2025-10-01 sensor table; no directions or trajectories
5,01:15,0,0,0,0,supplied 2025-10-01 sensor table; no directions or trajectories
6,01:30,0,0,0,0,supplied 2025-10-01 sensor table; no directions or trajectories
7,01:45,0,0,0,0,supplied 2025-10-01 sensor table; no directions or trajectories
8,02:00,0,0,0,0,supplied 2025-10-01 sensor table; no directions or trajectories
9,02:15,0,0,0,0,supplied 2025-10-01 sensor table; no directions or trajectories
10,02:30,0,0,0,0,supplied 2025-10-01 sensor table; no directions or trajectories
11,02:45,0,0,0,0,supplied 2025-10-01 sensor table; no directions or trajectories
12,03:00,0,0,0,0,supplied 2025-10-01 sensor table; no directions or trajectories
13,03:15,0,0,0,0,supplied 2025-10-01 sensor table; no directions or trajectories
14,03:30,0,0,0,0,supplied 2025-10-01 sensor table; no directions or trajectories
15,03:45,0,0,0,0,supplied 2025-10-01 sensor table; no directions or trajectories
16,04:00,0,0,0,0,supplied 2025-10-01 sensor table; no directions or trajectories
17,04:15,0,0,0,0,supplied 2025-10-01 sensor table; no directions or trajectories
18,04:30,0,0,0,0,supplied 2025-10-01 sensor table; no directions or trajectories
19,04:45,0,0,0,0,supplied 2025-10-01 sensor table; no directions or trajectories
20,05:00,0,0,0,0,supplied 2025-10-01 sensor table; no directions or trajectories
21,05:15,0,0,0,0,supplied 2025-10-01 sensor table; no directions or trajectories
22,05:30,0,0,0,0,supplied 2025-10-01 sensor table; no directions or trajectories
23,05:45,0,0,0,0,supplied 2025-10-01 sensor table; no directions or trajectories
24,06:00,0,0,0,0,supplied 2025-10-01 sensor table; no directions or trajectories
25,06:15,0,0,0,0,supplied 2025-10-01 sensor table; no directions or trajectories
26,06:30,0,0,0,0,supplied 2025-10-01 sensor table; no directions or trajectories
27,06:45,0,0,0,0,supplied 2025-10-01 sensor table; no directions or trajectories
28,07:00,0,0,0,0,supplied 2025-10-01 sensor table; no directions or trajectories
29,07:15,0,0,0,0,supplied 2025-10-01 sensor table; no directions or trajectories
30,07:30,5,10,108,6,supplied 2025-10-01 sensor table; no directions or trajectories
31,07:45,15,22,179,13,supplied 2025-10-01 sensor table; no directions or trajectories
32,08:00,34,23,143,18,supplied 2025-10-01 sensor table; no directions or trajectories
33,08:15,30,24,167,18,supplied 2025-10-01 sensor table; no directions or trajectories
34,08:30,78,27,172,18,supplied 2025-10-01 sensor table; no directions or trajectories
35,08:45,44,22,159,18,supplied 2025-10-01 sensor table; no directions or trajectories
36,09:00,13,24,173,16,supplied 2025-10-01 sensor table; no directions or trajectories
37,09:15,14,11,140,13,supplied 2025-10-01 sensor table; no directions or trajectories
38,09:30,14,15,152,16,supplied 2025-10-01 sensor table; no directions or trajectories
39,09:45,24,12,143,21,supplied 2025-10-01 sensor table; no directions or trajectories
40,10:00,56,17,121,23,supplied 2025-10-01 sensor table; no directions or trajectories
41,10:15,37,14,134,20,supplied 2025-10-01 sensor table; no directions or trajectories
42,10:30,23,8,153,25,supplied 2025-10-01 sensor table; no directions or trajectories
43,10:45,26,11,143,22,supplied 2025-10-01 sensor table; no directions or trajectories
44,11:00,25,20,152,24,supplied 2025-10-01 sensor table; no directions or trajectories
45,11:15,41,21,143,22,supplied 2025-10-01 sensor table; no directions or trajectories
46,11:30,37,9,166,24,supplied 2025-10-01 sensor table; no directions or trajectories
47,11:45,16,20,147,9,supplied 2025-10-01 sensor table; no directions or trajectories
48,12:00,26,18,155,26,supplied 2025-10-01 sensor table; no directions or trajectories
49,12:15,29,28,169,9,supplied 2025-10-01 sensor table; no directions or trajectories
50,12:30,22,22,156,19,supplied 2025-10-01 sensor table; no directions or trajectories
51,12:45,38,23,160,15,supplied 2025-10-01 sensor table; no directions or trajectories
52,13:00,47,27,142,16,supplied 2025-10-01 sensor table; no directions or trajectories
53,13:15,24,15,151,16,supplied 2025-10-01 sensor table; no directions or trajectories
54,13:30,29,24,159,12,supplied 2025-10-01 sensor table; no directions or trajectories
55,13:45,39,19,171,20,supplied 2025-10-01 sensor table; no directions or trajectories
56,14:00,32,14,173,23,supplied 2025-10-01 sensor table; no directions or trajectories
57,14:15,31,15,185,17,supplied 2025-10-01 sensor table; no directions or trajectories
58,14:30,30,28,161,26,supplied 2025-10-01 sensor table; no directions or trajectories
59,14:45,38,22,150,12,supplied 2025-10-01 sensor table; no directions or trajectories
60,15:00,29,20,141,14,supplied 2025-10-01 sensor table; no directions or trajectories
61,15:15,36,12,187,21,supplied 2025-10-01 sensor table; no directions or trajectories
62,15:30,36,18,143,27,supplied 2025-10-01 sensor table; no directions or trajectories
63,15:45,34,17,166,30,supplied 2025-10-01 sensor table; no directions or trajectories
64,16:00,38,24,181,26,supplied 2025-10-01 sensor table; no directions or trajectories
65,16:15,34,24,156,19,supplied 2025-10-01 sensor table; no directions or trajectories
66,16:30,33,34,171,15,supplied 2025-10-01 sensor table; no directions or trajectories
67,16:45,43,28,172,12,supplied 2025-10-01 sensor table; no directions or trajectories
68,17:00,38,28,198,9,supplied 2025-10-01 sensor table; no directions or trajectories
69,17:15,26,37,201,20,supplied 2025-10-01 sensor table; no directions or trajectories
70,17:30,47,27,168,17,supplied 2025-10-01 sensor table; no directions or trajectories
71,17:45,44,29,186,11,supplied 2025-10-01 sensor table; no directions or trajectories
72,18:00,29,24,161,7,supplied 2025-10-01 sensor table; no directions or trajectories
73,18:15,40,22,167,11,supplied 2025-10-01 sensor table; no directions or trajectories
74,18:30,37,20,158,9,supplied 2025-10-01 sensor table; no directions or trajectories
75,18:45,20,13,158,10,supplied 2025-10-01 sensor table; no directions or trajectories
76,19:00,28,11,155,4,supplied 2025-10-01 sensor table; no directions or trajectories
77,19:15,19,12,101,4,supplied 2025-10-01 sensor table; no directions or trajectories
78,19:30,0,0,0,0,supplied 2025-10-01 sensor table; no directions or trajectories
79,19:45,0,0,0,0,supplied 2025-10-01 sensor table; no directions or trajectories
80,20:00,0,0,0,0,supplied 2025-10-01 sensor table; no directions or trajectories
81,20:15,0,0,0,0,supplied 2025-10-01 sensor table; no directions or trajectories
82,20:30,0,0,0,0,supplied 2025-10-01 sensor table; no directions or trajectories
83,20:45,0,0,0,0,supplied 2025-10-01 sensor table; no directions or trajectories
84,21:00,0,0,0,0,supplied 2025-10-01 sensor table; no directions or trajectories
85,21:15,0,0,0,0,supplied 2025-10-01 sensor table; no directions or trajectories
86,21:30,0,0,0,0,supplied 2025-10-01 sensor table; no directions or trajectories
87,21:45,0,0,0,0,supplied 2025-10-01 sensor table; no directions or trajectories
88,22:00,0,0,0,0,supplied 2025-10-01 sensor table; no directions or trajectories
89,22:15,0,0,0,0,supplied 2025-10-01 sensor table; no directions or trajectories
90,22:30,0,0,0,0,supplied 2025-10-01 sensor table; no directions or trajectories
91,22:45,0,0,0,0,supplied 2025-10-01 sensor table; no directions or trajectories
92,23:00,0,0,0,0,supplied 2025-10-01 sensor table; no directions or trajectories
93,23:15,0,0,0,0,supplied 2025-10-01 sensor table; no directions or trajectories
94,23:30,0,0,0,0,supplied 2025-10-01 sensor table; no directions or trajectories
95,23:45,0,0,0,0,supplied 2025-10-01 sensor table; no directions or trajectories
