scenario,replicates,completion_valid_replicates,completion_failed_replicates,interpretation_status,teleports_mean_all,teleports_max_all,vehicles_arrived_mean_valid,vehicles_arrived_sd_valid,frontage_spot_motorized_passages_mean_valid,frontage_spot_motorized_passages_sd_valid,frontage_spot_motorized_mean_speed_kmh_mean_valid,frontage_spot_motorized_mean_speed_kmh_sd_valid,frontage_spot_motorized_over_36_pct_mean_valid,frontage_spot_motorized_over_36_pct_sd_valid,frontage_car_pos_count_mean_valid,frontage_car_pos_count_sd_valid,frontage_car_neg_count_mean_valid,frontage_car_neg_count_sd_valid,frontage_large_pos_count_mean_valid,frontage_large_pos_count_sd_valid,frontage_large_neg_count_mean_valid,frontage_large_neg_count_sd_valid,frontage_motorcycle_pos_count_mean_valid,frontage_motorcycle_pos_count_sd_valid,frontage_motorcycle_neg_count_mean_valid,frontage_motorcycle_neg_count_sd_valid,frontage_bicycle_pos_count_mean_valid,frontage_bicycle_pos_count_sd_valid,frontage_bicycle_neg_count_mean_valid,frontage_bicycle_neg_count_sd_valid,frontage_fcd_bus_passages_mean_valid,frontage_fcd_bus_passages_sd_valid,CO2_kg_mean_valid,CO2_kg_sd_valid,CO2_g_per_vkm_mean_valid,CO2_g_per_vkm_sd_valid,vkt_km_mean_valid,vkt_km_sd_valid,mean_time_loss_s_mean_valid,mean_time_loss_s_sd_valid,pedestrian_crossing_arrived_mean_valid,pedestrian_crossing_arrived_sd_valid,pedestrian_crossing_mean_waiting_s_mean_valid,pedestrian_crossing_mean_waiting_s_sd_valid,pedestrian_crossing_waited_pct_mean_valid,pedestrian_crossing_waited_pct_sd_valid,frontage_fcd_motorized_approach_slow_pct_mean_valid,frontage_fcd_motorized_approach_slow_pct_sd_valid,frontage_fcd_motorized_approach_hard_braking_passages_mean_valid,frontage_fcd_motorized_approach_hard_braking_passages_sd_valid,bus_mean_time_loss_s_mean_valid,bus_mean_time_loss_s_sd_valid,collision_output_total_mean_valid,collision_output_total_sd_valid,collision_output_intermodal_mean_valid,collision_output_intermodal_sd_valid,collision_output_intermodal_bicycle_mean_valid,collision_output_intermodal_bicycle_sd_valid
current,5,5,0,stable,0.0,0,9365.0,0.0,8610.0,0.0,32.76730202090592,0.1479084540745664,36.339140534262484,0.5897898016478983,3798.0,0.0,3799.0,0.0,401.0,0.0,402.0,0.0,105.0,0.0,105.0,0.0,376.0,0.0,379.0,0.0,107.0,0.0,878.0855919780003,2.9066440090214827,319.84596611636016,1.0587559683420218,2745.33895999974,2.490753820462333e-13,20.864904431393462,0.20235400340916324,0.0,0.0,0.0,0.0,0.0,0.0,5.849012775842044,0.20093250888416825,1105.4,60.002499947918835,6.078560747663552,0.15681851164164892,0.0,0.0,0.0,0.0,0.0,0.0
A_OBS,5,5,0,stable,0.0,0,9365.0,0.0,8610.0,0.0,35.269816306620214,0.1318650238020844,48.92682926829268,1.004414117353602,3798.0,0.0,3799.0,0.0,401.0,0.0,402.0,0.0,105.0,0.0,105.0,0.0,376.0,0.0,379.0,0.0,107.0,0.0,687.1404471879989,2.314464139383145,250.29348186136696,0.8430522325678046,2745.33895999974,0.0,5.635920128136676,0.10337788026260346,0.0,0.0,0.0,0.0,0.0,0.0,0.29036004645760743,0.11929522987325282,386.6,22.7771815640127,9.388523364485982,0.3711174790378983,0.0,0.0,0.0,0.0,0.0,0.0
A_DR15,5,5,0,stable,0.0,0,8080.0,0.0,7325.0,0.0,35.88144819112628,0.14688245587843726,52.09556313993174,0.6772486965085323,3226.0,0.0,3226.0,0.0,349.0,0.0,346.0,0.0,89.0,0.0,89.0,0.0,376.0,0.0,379.0,0.0,107.0,0.0,592.1484337700005,1.2256579002404853,249.61812363220193,0.5166718475047813,2372.2173099998836,2.033691978340166e-13,5.142796287128706,0.09128736479651657,0.0,0.0,0.0,0.0,0.0,0.0,0.22389078498293516,0.06226213925456043,239.4,21.62868465718616,9.11970093457944,0.664078477646846,0.0,0.0,0.0,0.0,0.0,0.0
A_DR30,5,5,0,stable,0.0,0,6820.0,0.0,6065.0,0.0,36.387031162407254,0.1760085867477999,55.16570486397362,0.841972696258115,2658.0,0.0,2657.0,0.0,300.0,0.0,302.0,0.0,73.0,0.0,75.0,0.0,376.0,0.0,379.0,0.0,107.0,0.0,503.7360109999997,1.0007587300282195,251.07357356294727,0.49880108853781846,2006.328279999993,1.016845989170083e-13,4.742263929618774,0.08370110900872035,0.0,0.0,0.0,0.0,0.0,0.0,0.11541632316570487,0.0689744457159172,160.4,5.9413803110051795,8.970485981308412,0.22635218246676664,0.0,0.0,0.0,0.0,0.0,0.0
B_OBS,5,5,0,stable,0.0,0,9365.0,0.0,8610.0,0.0,29.26998104529617,0.1250461026170882,11.591173054587689,0.3445388379603093,3798.0,0.0,3799.0,0.0,401.0,0.0,402.0,0.0,105.0,0.0,105.0,0.0,376.0,0.0,379.0,0.0,107.0,0.0,723.6352362539994,2.3385902347896708,262.28042509803697,0.8476182614958677,2759.0135099998947,2.033691978340166e-13,6.002002776294719,0.11850281216801886,0.0,0.0,0.0,0.0,0.0,0.0,0.11846689895470383,0.04056736166451331,198.8,20.141995928904365,9.576112149532712,0.34140261492840923,0.0,0.0,0.0,0.0,0.0,0.0
B_DR15,5,5,0,stable,0.0,0,8080.0,0.0,7325.0,0.0,29.736281119453924,0.11587938364247125,12.857337883959044,0.5069057980544328,3226.0,0.0,3226.0,0.0,349.0,0.0,346.0,0.0,89.0,0.0,89.0,0.0,376.0,0.0,379.0,0.0,107.0,0.0,624.7742771499996,1.3135909521748177,262.06802016000086,0.5509992852248874,2384.015709999851,0.0,5.492760643564344,0.0857309605325549,0.0,0.0,0.0,0.0,0.0,0.0,0.03549488054607509,0.020704096775567372,124.2,7.918333157931661,9.350672897196262,0.668165033643987,0.0,0.0,0.0,0.0,0.0,0.0
B_DR30,5,5,0,stable,0.0,0,6820.0,0.0,6065.0,0.0,30.158352118713935,0.1374478151491289,14.776586974443529,0.454753345696949,2658.0,0.0,2657.0,0.0,300.0,0.0,302.0,0.0,73.0,0.0,75.0,0.0,376.0,0.0,379.0,0.0,107.0,0.0,532.758031834,1.052489204836987,264.2272627072582,0.5219937101007744,2016.2871399998246,1.016845989170083e-13,5.095746920821111,0.0750983774902879,0.0,0.0,0.0,0.0,0.0,0.0,0.016488046166529265,0.016488046166529265,84.2,9.654014708917735,9.12358878504673,0.20053155190725677,0.0,0.0,0.0,0.0,0.0,0.0
C_OBS,5,5,0,stable,0.0,0,9365.0,0.0,8610.0,0.0,22.353817421602788,0.10613621662743826,0.09291521486643438,0.008212622313432609,3798.0,0.0,3799.0,0.0,401.0,0.0,402.0,0.0,105.0,0.0,105.0,0.0,376.0,0.0,379.0,0.0,107.0,0.0,760.9801567860007,1.765676737545614,277.1944465810032,0.6431649784036801,2745.29365999987,0.0,7.852361131874,0.12653733932692343,0.0,0.0,0.0,0.0,0.0,0.0,2.0720092915214865,0.3739765258536233,505.0,19.912307751739878,9.552915887850466,0.3917808141119557,0.0,0.0,0.0,0.0,0.0,0.0
C_DR15,5,5,0,stable,0.0,0,8080.0,0.0,7325.0,0.0,22.90787385665529,0.06171124492436313,0.11467576791808873,0.04787898407303804,3226.0,0.0,3226.0,0.0,349.0,0.0,346.0,0.0,89.0,0.0,89.0,0.0,376.0,0.0,379.0,0.0,107.0,0.0,653.1203064840008,2.0806230856905787,275.3251088527993,0.8770938093063845,2372.1785099999256,2.490753820462333e-13,7.12304876237624,0.09127767108775418,0.0,0.0,0.0,0.0,0.0,0.0,1.5399317406143345,0.2599956900713264,328.6,25.774017925034507,9.218785046728973,0.669497072294171,0.0,0.0,0.0,0.0,0.0,0.0
C_DR30,5,5,0,stable,0.0,0,6820.0,0.0,6065.0,0.0,23.395669315746083,0.13037986779700086,0.16488046166529266,0.05829404626434851,2658.0,0.0,2657.0,0.0,300.0,0.0,302.0,0.0,73.0,0.0,75.0,0.0,376.0,0.0,379.0,0.0,107.0,0.0,553.5552800999999,1.3194310677861283,275.90912090331506,0.6576453682089983,2006.2956899999633,1.2453769102311664e-13,6.496479178885641,0.12357099267449036,0.0,0.0,0.0,0.0,0.0,0.0,1.078318219291014,0.1258935476921423,213.8,16.498484778912275,8.784560747663551,0.26189650273832055,0.0,0.0,0.0,0.0,0.0,0.0
C1_X0,5,5,0,stable,0.0,0,9365.0,0.0,8610.0,0.0,16.055212264808365,0.16337480101256552,0.0,0.0,3798.0,0.0,3799.0,0.0,401.0,0.0,402.0,0.0,105.0,0.0,105.0,0.0,376.0,0.0,379.0,0.0,107.0,0.0,964.9351084019991,6.015451077228031,338.7139450656533,2.1115587441849972,2848.820140000332,0.0,15.173113080619334,0.4158264316583203,0.0,0.0,0.0,0.0,0.0,0.0,12.480836236933799,1.071695291768642,2596.6,41.234694130064796,16.98448598130841,0.3188500099571633,0.0,0.0,0.0,0.0,0.0,0.0
C1_L25,5,5,0,stable,0.0,0,9365.0,0.0,8610.0,0.0,15.519776445993031,0.21799067060163774,0.0,0.0,3798.0,0.0,3799.0,0.0,401.0,0.0,402.0,0.0,105.0,0.0,105.0,0.0,376.0,0.0,379.0,0.0,107.0,0.0,970.3161636479996,6.402353032384959,340.60281659195465,2.247370040140262,2848.820140000332,0.0,15.389490870261596,0.45008335475002187,382.0,0.0,0.6471204188481676,0.017889371270439682,32.303664921465966,2.1154035445902553,17.5075493612079,1.313187778872698,2933.8,73.4384095688353,17.25467289719626,0.3574236537611476,5.6,4.03732584763727,5.6,4.03732584763727,3.8,3.898717737923586
C1_M50,5,5,0,stable,0.0,0,9365.0,0.0,8610.0,0.0,15.0030037630662,0.10779160320170127,0.0,0.0,3798.0,0.0,3799.0,0.0,401.0,0.0,402.0,0.0,105.0,0.0,105.0,0.0,376.0,0.0,379.0,0.0,107.0,0.0,976.0694077660007,5.849769117760057,342.62233479081175,2.0534006466829458,2848.820140000332,0.0,15.674408969567523,0.3731683987359847,764.0,0.0,0.662565445026178,0.019598572758371523,32.4869109947644,1.5162921945104275,22.627177700348433,1.020032818204664,3264.2,87.44541154343091,17.372467289719626,0.4196303810957675,8.0,2.8284271247461903,8.0,2.8284271247461903,6.2,2.7748873851023217
C1_H75,5,5,0,stable,0.0,0,9365.0,0.0,8610.0,0.0,14.431502717770035,0.15452446806989512,0.0,0.0,3798.0,0.0,3799.0,0.0,401.0,0.0,402.0,0.0,105.0,0.0,105.0,0.0,376.0,0.0,379.0,0.0,107.0,0.0,982.4726799559985,5.802623213791075,344.87002747596557,2.0368513730706943,2848.820140000332,0.0,16.07752269087025,0.3559239688520142,1146.0,0.0,0.6410122164048866,0.022149271571320468,32.54799301919721,2.140095718748818,27.867595818815335,1.0258416743015981,3575.2,69.08473058498528,17.909327102803736,0.5227285455434488,10.8,3.3466401061363023,10.8,3.3466401061363023,7.4,2.6076809620810595
OW_FULL_OBS,5,5,0,stable,0.0,0,9365.0,0.0,4357.0,0.0,32.06558420931834,0.20529214668209422,39.97245811338077,0.7004179081996486,3798.0,0.0,0.0,0.0,401.0,0.0,53.0,0.0,105.0,0.0,0.0,0.0,376.0,0.0,379.0,0.0,107.0,0.0,747.8611736980008,4.33048012952116,419.96403300489163,2.431796119390023,1780.7743399999442,2.033691978340166e-13,22.413550880939695,0.26226618735639395,0.0,0.0,0.0,0.0,0.0,0.0,18.352077117282533,0.3531858446026406,987.0,30.0,5.792373831775703,0.11828633443161397,0.0,0.0,0.0,0.0,0.0,0.0
OW_FULL_DR15,5,5,0,stable,0.0,0,8080.0,0.0,3717.0,0.0,33.52459273607748,0.07608941247925884,43.922518159806295,0.3106150637045276,3226.0,0.0,0.0,0.0,349.0,0.0,53.0,0.0,89.0,0.0,0.0,0.0,376.0,0.0,379.0,0.0,107.0,0.0,590.8402943959994,2.61981537923112,380.18025298910464,1.6857382326623647,1554.1056899999799,1.016845989170083e-13,16.511350247524735,0.1930646978716053,0.0,0.0,0.0,0.0,0.0,0.0,12.10115684691956,0.22380020815803517,596.0,14.19506956657839,5.857943925233646,0.25796000897980065,0.0,0.0,0.0,0.0,0.0,0.0
OW_FULL_DR30,5,5,0,stable,0.0,0,6820.0,0.0,3084.0,0.0,34.64770505836576,0.15637872219085847,46.99740596627756,0.6599987260746499,2658.0,0.0,0.0,0.0,300.0,0.0,53.0,0.0,73.0,0.0,0.0,0.0,376.0,0.0,379.0,0.0,107.0,0.0,485.69621643599965,2.009102293283042,365.13630394516196,1.5104012771608175,1330.17783000001,0.0,13.895431671554245,0.12736684983634305,0.0,0.0,0.0,0.0,0.0,0.0,9.293125810635539,0.553421303497035,396.0,17.649362594722792,5.790859813084113,0.10769799228464515,0.0,0.0,0.0,0.0,0.0,0.0
OW_REDUCED_OBS,5,5,0,stable,0.0,0,9365.0,0.0,4357.0,0.0,32.061590084920816,0.1610999234281213,40.0,0.48644339836544187,3798.0,0.0,0.0,0.0,401.0,0.0,53.0,0.0,105.0,0.0,0.0,0.0,376.0,0.0,379.0,0.0,107.0,0.0,871.0690139459991,4.031116926506621,387.7561085637891,1.7944504827544372,2246.4353100002836,0.0,23.79330080085421,0.34537031870138624,0.0,0.0,0.0,0.0,0.0,0.0,18.990130823961444,0.7908473686717777,1010.0,41.71930009000631,5.815289719626167,0.12393840586315175,0.0,0.0,0.0,0.0,0.0,0.0
OW_REDUCED_DR15,5,5,0,stable,0.0,0,8080.0,0.0,3717.0,0.0,33.53694140435836,0.10849425936952567,43.804143126177024,0.52870518997137,3226.0,0.0,0.0,0.0,349.0,0.0,53.0,0.0,89.0,0.0,0.0,0.0,376.0,0.0,379.0,0.0,107.0,0.0,693.5828657399994,3.2537119777037096,355.8394314829597,1.6693016473527005,1949.1456100002604,1.016845989170083e-13,17.76085544554452,0.2011247342746338,0.0,0.0,0.0,0.0,0.0,0.0,12.354048964218455,0.29740142276966314,600.0,25.67099530598687,5.854392523364486,0.2658910368877588,0.0,0.0,0.0,0.0,0.0,0.0
OW_REDUCED_DR30,5,5,0,stable,0.0,0,6820.0,0.0,3084.0,0.0,34.64480544747082,0.2645624420480054,46.98443579766537,0.9333228252026095,2658.0,0.0,0.0,0.0,300.0,0.0,53.0,0.0,73.0,0.0,0.0,0.0,376.0,0.0,379.0,0.0,107.0,0.0,568.8843708479999,1.0590323688580796,343.41152049627243,0.6392932108544458,1656.5675200001765,0.0,15.000114956011748,0.22294887805087193,0.0,0.0,0.0,0.0,0.0,0.0,9.07911802853437,0.4933568111122874,400.0,15.921683328090658,5.73807476635514,0.0620583126496615,0.0,0.0,0.0,0.0,0.0,0.0
