scenario,vehicles_arrived,vkt_km,mean_trip_speed_kmh,space_time_speed_kmh,mean_duration_min,mean_waiting_s,mean_stops,mean_time_loss_s,mean_depart_delay_s,CO2_kg,CO_kg,HC_kg,PMx_kg,NOx_kg,fuel_kg,electricity_kWh,CO2_g_per_vkm,n_passenger,passenger_mean_duration_s,passenger_mean_waiting_s,passenger_mean_time_loss_s,passenger_mean_depart_delay_s,passenger_mean_stops,n_truck,truck_mean_duration_s,truck_mean_waiting_s,truck_mean_time_loss_s,truck_mean_depart_delay_s,truck_mean_stops,n_bus,bus_mean_duration_s,bus_mean_waiting_s,bus_mean_time_loss_s,bus_mean_depart_delay_s,bus_mean_stops,n_bicycle,bicycle_mean_duration_s,bicycle_mean_waiting_s,bicycle_mean_time_loss_s,bicycle_mean_depart_delay_s,bicycle_mean_stops,n_motorcycle,motorcycle_mean_duration_s,motorcycle_mean_waiting_s,motorcycle_mean_time_loss_s,motorcycle_mean_depart_delay_s,motorcycle_mean_stops,n_other,vehicles_loaded,vehicles_inserted,vehicles_running,vehicles_waiting,teleports_total,teleports_jam,teleports_yield,teleports_wrongLane,safety_collisions,safety_emergencyStops,safety_emergencyBraking,persons_loaded,persons_running,persons_jammed,person_teleports_total,person_teleports_abortWait,person_teleports_wrongDest,pedestrian_crossing_arrived,pedestrian_crossing_mean_duration_s,pedestrian_crossing_mean_waiting_s,pedestrian_crossing_mean_time_loss_s,pedestrian_crossing_waited_pct,pedestrian_frontage_arrived,pedestrian_frontage_mean_duration_s,pedestrian_frontage_mean_waiting_s,pedestrian_frontage_mean_time_loss_s,pedestrian_frontage_waited_pct,frontage_car_pos_count,frontage_car_neg_count,frontage_car_count,frontage_car_mean_speed_kmh,frontage_large_pos_count,frontage_large_neg_count,frontage_large_count,frontage_large_mean_speed_kmh,frontage_bicycle_pos_count,frontage_bicycle_neg_count,frontage_bicycle_count,frontage_bicycle_mean_speed_kmh,frontage_motorcycle_pos_count,frontage_motorcycle_neg_count,frontage_motorcycle_count,frontage_motorcycle_mean_speed_kmh,frontage_two_wheeler_combined_pos_count,frontage_two_wheeler_combined_neg_count,frontage_two_wheeler_combined_count,frontage_two_wheeler_combined_mean_speed_kmh,frontage_motorized_count,frontage_motorized_mean_speed_kmh,frontage_fcd_motorized_passages,frontage_fcd_motorized_mean_speed_kmh,frontage_fcd_motorized_p50_speed_kmh,frontage_fcd_motorized_p85_speed_kmh,frontage_fcd_motorized_over_20_pct,frontage_fcd_motorized_over_30_pct,frontage_fcd_motorized_over_36_pct,frontage_fcd_motorized_approach_slow_passages,frontage_fcd_motorized_approach_stop_passages,frontage_fcd_motorized_approach_hard_braking_passages,frontage_fcd_motorized_approach_slow_pct,frontage_fcd_bicycle_approach_slow_passages,frontage_fcd_bicycle_approach_stop_passages,frontage_fcd_bicycle_approach_hard_braking_passages,frontage_fcd_passenger_passages,frontage_fcd_passenger_mean_speed_kmh,frontage_fcd_truck_passages,frontage_fcd_truck_mean_speed_kmh,frontage_fcd_bus_passages,frontage_fcd_bus_mean_speed_kmh,frontage_fcd_motorcycle_passages,frontage_fcd_motorcycle_mean_speed_kmh,frontage_fcd_bicycle_passages,frontage_fcd_bicycle_mean_speed_kmh,frontage_spot_motorized_passages,frontage_spot_motorized_mean_speed_kmh,frontage_spot_motorized_p50_speed_kmh,frontage_spot_motorized_p85_speed_kmh,frontage_spot_motorized_over_30_pct,frontage_spot_motorized_over_36_pct,ssm_raw_records,ssm_deduplicated_encounters,ssm_vulnerable_mode_encounters,ssm_ttc_under_3_count,ssm_ttc_under_1_5_count,ssm_min_ttc_s,ssm_pet_under_2_count,ssm_pet_under_1_5_count,ssm_min_pet_s,collision_output_total,collision_output_intermodal,collision_output_school_zone,collision_output_intermodal_passenger,collision_output_intermodal_truck,collision_output_intermodal_bus,collision_output_intermodal_motorcycle,collision_output_intermodal_bicycle,ssm_encounters_per_1000_motorized_passages,seed,canonical
current,9365,2745.3389599997395,27.715645701936126,20.378824178563974,0.863098416088272,12.760597971169247,0.13187399893219434,21.074147357180987,9.637907100907633,881.75351184,1.2941737199999996,0.22937537000000027,0.12720035999999954,0.22217072,284.59638246000117,36.01047,321.18201966582797,7597,47.43227589838094,12.24378043964723,20.866592075819348,10.534553113070956,0.12044227984730815,696,50.88074712643678,15.635057471264368,24.700258620689645,6.675287356321839,0.1752873563218391,107,203.93457943925233,0.5607476635514018,6.271682242990657,0.32710280373831774,0.18691588785046728,755,74.93112582781457,16.340397350993378,20.978794701986747,5.158013245033112,0.19337748344370861,210,51.54761904761905,15.276190476190477,24.449761904761903,7.870000000000003,0.1523809523809524,0,9365,9365,0,0,0,0,0,0,0,0,0,1528,0,0,0,0,0,0,0.0,0.0,0.0,0.0,1528,62.80890052356021,0.0,6.658167539267011,0.0,3798,3799,7597,32.578758457285765,401,402,803,32.258420921544214,376,379,755,18.67293774834437,105,105,210,31.506,481,484,965,21.465475647668395,8610,32.52271777003484,8610,31.176152103003773,32.408500000000004,40.509835714285714,89.11730545876887,61.393728222996515,33.18234610917538,517,459,1160,6.004645760743322,28,24,18,7597,31.720898131319974,696,30.107219234482937,107,1.9364335782232684,210,29.91039772930779,755,18.236232578390407,8610,32.635484320557495,33.12,41.04,65.60975609756098,35.551684088269454,4940,2739,1377,2735,1490,0.0,0,0,inf,0,0,0,0,0,0,0,0,318.1184668989547,42,yes
A_OBS,9365,2745.33895999974,31.84973090121433,28.939090343698034,0.6077914219612031,0.0076882007474639615,0.004591564335290977,5.765644420715408,0.7210891617725576,689.3974010900013,0.9880946599999999,0.13970000000000027,0.10728410000000015,0.20807243999999953,222.45781059999874,29.496149999999982,251.11558577454002,7597,32.43095958931157,0.002632618138738976,5.869719626168197,0.7243648808740294,0.0023693563248650784,696,32.66235632183908,0.0,6.4741810344827595,0.8965517241379305,0.0,107,206.28971962616822,0.48598130841121495,9.205607476635514,0.29906542056074764,0.2336448598130841,755,57.19735099337748,0.0,3.2557218543046353,0.5580132450331127,0.0,210,34.04761904761905,0.0,6.923333333333329,0.8223809523809523,0.0,0,9365,9365,0,0,0,0,0,0,0,0,0,1528,0,0,0,0,0,0,0.0,0.0,0.0,0.0,1528,62.82853403141361,0.0,6.677801047120414,0.0,3798,3799,7597,34.95743109122021,401,402,803,35.41624408468244,376,379,755,18.909488741721855,105,105,210,33.07748571428572,481,484,965,21.992866321243525,8610,34.95436933797909,8610,34.870110120607436,35.3385,42.0897,96.2369337979094,77.49128919860627,46.20209059233449,29,10,416,0.33681765389082463,0,0,1,7597,34.87828496544826,696,35.338389391080035,107,36.03731561849366,210,32.42764508832904,755,18.873643529972696,8610,35.10835818815332,35.64,42.552,78.3739837398374,47.688734030197445,2670,1477,1163,1474,999,0.0,0,0,inf,0,0,0,0,0,0,0,0,171.54471544715446,42,yes
A_DR15,8080,2372.2173099998836,32.09354897524444,28.819162136805524,0.6112417491749175,0.006683168316831683,0.0033415841584158415,5.295315594059409,0.6789059405940598,594.2417444700011,0.837449849999998,0.11481998000000015,0.09594594000000015,0.18991775999999982,191.72370059999926,24.923570000000016,250.5005515156747,6452,31.898791072535648,0.0010849349039057656,5.332980471171719,0.6924225046497207,0.0010849349039057656,588,32.566326530612244,0.0,6.261360544217684,0.7534523809523809,0.0,107,206.57943925233644,0.4392523364485981,10.244579439252336,0.29906542056074764,0.18691588785046728,755,57.58278145695364,0.0,3.312688741721851,0.5354966887417221,0.0,178,32.53370786516854,0.0,6.17320224719101,0.7793258426966291,0.0,0,8080,8080,0,0,0,0,0,0,0,0,0,1528,0,0,0,0,0,0,0.0,0.0,0.0,0.0,1528,62.63416230366492,0.0,6.641799738219885,0.0,3226,3226,6452,35.61425542467452,349,346,695,35.23332949640288,376,379,755,18.79896158940397,89,89,178,34.59458426966293,465,468,933,21.81071382636657,7325,35.55333460750853,7325,35.46370803585031,36.027,42.47142857142857,96.45051194539249,80.57337883959045,50.15699658703072,12,1,268,0.16382252559726962,0,0,0,6452,35.52652310982313,588,35.22635484020466,107,34.99126860519186,178,34.254898152970625,755,18.76525200227107,7325,35.63605351535836,36.216,42.876000000000005,81.09215017064847,51.16723549488054,2132,1184,974,1181,827,0.0,0,0,inf,0,0,0,0,0,0,0,0,161.63822525597269,42,yes
A_DR30,6820,2006.3282799999927,32.17592647549839,28.48515677760546,0.6196554252199413,0.008211143695014663,0.004105571847507331,4.88225806451615,0.646043988269795,505.2197754199989,0.6862801199999978,0.09280659000000004,0.08523513999999996,0.17374021999999945,162.9683147000005,19.424250000000004,251.81311575790616,5315,31.420696142991535,0.0016933207902163688,4.861507055503326,0.6626585136406391,0.0016933207902163688,495,32.75151515151515,0.0,6.408787878787879,0.745979797979798,0.0,107,206.29906542056074,0.4392523364485981,9.027757009345798,0.22429906542056074,0.17757009345794392,755,57.66754966887417,0.0,3.290291390728476,0.5182781456953641,0.0,148,32.00675675675676,0.0,5.645945945945945,0.6718243243243243,0.0,0,6820,6820,0,0,0,0,0,0,0,0,0,1528,0,0,0,0,0,0,0.0,0.0,0.0,0.0,1528,62.64725130890052,0.0,6.648678010471208,0.0,2658,2657,5315,36.18180169332079,300,302,602,35.40037873754153,376,379,755,18.796911258278143,73,75,148,34.26008108108108,449,454,903,21.331574750830566,6065,36.05734476504534,6065,36.00667770205989,36.585,43.063199999999995,96.6199505358615,82.24237427864799,53.20692497938994,3,1,164,0.0494641384995878,0,0,0,5315,36.12023755870778,495,35.27731981044822,107,36.29979972757921,148,34.155984874584874,755,18.75640361502471,6065,36.14440362737016,36.792,43.488,82.14344600164881,54.16323165704864,1705,957,812,957,677,0.0,0,0,inf,0,0,0,0,0,0,0,0,157.79060181368507,42,yes
B_OBS,9365,2759.0135099998947,30.551131603406947,27.984088884630353,0.6316639971525182,0.009183128670581953,0.005125467164975975,6.157024025627339,0.7223705285638015,726.4767031000006,1.0308399000000008,0.14722238,0.10788741999999997,0.21226790000000037,234.4283218,30.40783999999998,263.31031017678066,7597,33.97841253126234,0.0053968671844149005,6.303600105304729,0.727129129919705,0.003948927208108464,696,34.002873563218394,0.0,6.693577586206898,0.8778735632183908,0.0,107,206.97196261682242,0.411214953271028,9.351682242990652,0.2616822429906542,0.1588785046728972,755,57.558940397350995,0.0013245033112582781,3.327576158940399,0.5659602649006623,0.0013245033112582781,210,35.852380952380955,0.0,7.620952380952384,0.8319047619047618,0.0,0,9365,9365,0,0,0,0,0,0,0,0,0,1528,0,0,0,0,0,0,0.0,0.0,0.0,0.0,1528,62.82853403141361,0.0,6.6812499999999995,0.0,3798,3799,7597,28.955856259049625,401,402,803,29.95383810709838,376,379,755,18.85870728476821,105,105,210,26.763257142857142,481,484,965,20.577301554404148,8610,28.99545365853659,8610,28.988210454644832,29.184,34.71432,93.5075493612079,44.285714285714285,10.011614401858305,10,1,221,0.11614401858304298,0,0,0,7597,28.95692077347511,696,29.858655226095745,107,30.51667782497876,210,26.45645873222016,755,18.861415405190836,8610,29.116812543554005,29.412,35.136,45.99303135888502,11.8931475029036,1574,924,664,922,542,0.0,0,0,inf,0,0,0,0,0,0,0,0,107.3170731707317,42,yes
B_DR15,8080,2384.015709999851,30.809746900169095,27.924412733529845,0.6339645214521453,0.007797029702970297,0.004207920792079208,5.633425742574263,0.6838564356435645,626.752853359998,0.8708918400000001,0.11993549999999992,0.09639695000000076,0.19387111000000018,202.2175067000001,25.371310000000005,262.89795437633137,6452,33.39832610043398,0.0009299442033477991,5.721348419094857,0.6959872907625537,0.0009299442033477991,588,33.77721088435374,0.0,6.351071428571431,0.763656462585034,0.0,107,207.22429906542055,0.5046728971962616,10.458411214953271,0.3177570093457944,0.24299065420560748,755,57.86887417218543,0.003973509933774834,3.320741721854305,0.5487417218543047,0.0026490066225165563,178,34.46629213483146,0.0,6.9848314606741555,0.7737078651685392,0.0,0,8080,8080,0,0,0,0,0,0,0,0,0,1528,0,0,0,0,0,0,0.0,0.0,0.0,0.0,1528,62.63612565445026,0.0,6.647238219895276,0.0,3226,3226,6452,29.51318164910106,349,346,695,29.75314532374101,376,379,755,18.812646357615893,89,89,178,27.932561797752815,465,468,933,20.55376205787782,7325,29.49753993174062,7325,29.46367316425554,29.7,35.05728,94.1433447098976,47.60409556313993,10.948805460750853,0,0,119,0.0,0,0,0,6452,29.482277378309853,588,29.76626973740545,107,29.78786943710495,178,27.594851954786787,755,18.775185562649273,7325,29.57800300341297,29.843999999999998,35.352000000000004,48.86006825938566,12.42320819112628,1250,734,570,732,465,0.0,0,0,inf,0,0,0,0,0,0,0,0,100.2047781569966,42,yes
B_DR30,6820,2016.2871399998248,30.886388227818042,27.625838080591937,0.6421016617790811,0.009237536656891495,0.005131964809384164,5.218369501466266,0.6486832844574784,533.4951800400006,0.71803356,0.09941593999999997,0.08574697000000021,0.17721212999999952,172.09578501000001,20.630150000000018,264.5928595468039,5315,32.93358419567262,0.0024459078080903106,5.256302916274699,0.6688673565380993,0.002257761053621825,495,34.008080808080805,0.0,6.555393939393936,0.7035555555555554,0.0,107,206.6728971962617,0.45794392523364486,9.047196261682242,0.21495327102803738,0.205607476635514,755,57.96158940397351,0.0013245033112582781,3.314728476821194,0.5328476821192054,0.0013245033112582781,148,33.763513513513516,0.0,6.327297297297295,0.6447972972972973,0.0,0,6820,6820,0,0,0,0,0,0,0,0,0,1528,0,0,0,0,0,0,0.0,0.0,0.0,0.0,1528,62.6282722513089,0.0,6.6332395287958175,0.0,2658,2657,5315,29.989740733772344,300,302,602,29.841129568106314,376,379,755,18.760196026490064,73,75,148,28.455810810810817,449,454,903,20.349847176079734,6065,29.937558450123664,6065,29.866192669918703,30.156000000000002,35.58744,94.49299258037922,51.030502885408076,13.305853256389119,0,0,94,0.0,0,0,0,5315,29.919559252093155,495,29.718323594385414,107,30.802716057774003,148,27.767164329589328,755,18.74369210127621,6065,29.991151854905194,30.312,35.964,52.38252267106348,14.657873042044518,955,559,464,559,367,0.0,0,0,inf,0,0,0,0,0,0,0,0,92.16817807089859,42,yes
C_OBS,9365,2745.29365999987,24.184532143371936,22.867601393843238,0.7691510945008009,0.02989855846235985,0.016978109983982914,8.025981847303816,0.7740523224773088,763.103480460001,1.0732644000000005,0.1721882600000003,0.11128597000000057,0.20237345000000068,246.2715858999999,32.06514,277.96788794537815,7597,43.15914176648677,0.025931288666578914,8.466865868105858,0.7737264709753852,0.015137554297749111,696,40.8132183908046,0.021551724137931036,6.5541235632183925,0.9410919540229885,0.011494252873563218,107,209.73831775700936,0.4953271028037383,9.256822429906544,0.35514018691588783,0.2336448598130841,755,57.71390728476821,0.01456953642384106,3.7611788079470174,0.6586754966887417,0.010596026490066225,210,47.06666666666667,0.01904761904761905,11.660476190476183,0.8604761904761904,0.014285714285714285,0,9365,9365,0,0,0,0,0,0,0,0,0,1528,0,0,0,0,0,0,0.0,0.0,0.0,0.0,1528,64.01047120418848,0.568717277486911,7.872414921465968,29.319371727748692,3798,3799,7597,22.031995261287353,401,402,803,23.746102117061014,376,379,755,18.67083973509934,105,105,210,20.120742857142854,481,484,965,18.985243523316058,8610,22.145243205574914,8610,22.05186701794167,21.9972,26.324672727272727,68.04878048780488,2.822299651567944,0.04645760743321719,210,84,526,2.4390243902439024,8,4,4,7597,21.933968067226353,696,23.639773767871223,107,24.375532144278946,210,19.870262551823725,755,18.613060885806618,8610,22.223535888501743,22.248,26.928,4.227642276422764,0.09291521486643438,2048,1092,534,1087,535,0.0,0,0,inf,0,0,0,0,0,0,0,0,126.82926829268293,42,yes
C_DR15,8080,2372.178509999925,24.497708934359554,23.001208356002056,0.7658374587458746,0.017326732673267328,0.009777227722772277,7.260188118811891,0.7141782178217824,654.4906112700006,0.9062091899999956,0.1419413500000006,0.0988801400000001,0.18536105000000017,211.1911793800003,26.928459999999998,275.9027655427252,6452,42.34252944823311,0.014879107253564786,7.647605393676408,0.7268304401735892,0.00976441413515189,588,40.476190476190474,0.0,6.040255102040812,0.7687585034013604,0.0,107,210.38317757009347,0.37383177570093457,10.328785046728976,0.21495327102803738,0.11214953271028037,755,57.928476821192056,0.003973509933774834,3.65385430463576,0.6056953642384106,0.003973509933774834,178,45.151685393258425,0.0056179775280898875,10.699213483146073,0.8355056179775279,0.0056179775280898875,0,8080,8080,0,0,0,0,0,0,0,0,0,1528,0,0,0,0,0,0,0.0,0.0,0.0,0.0,1528,63.84489528795812,0.5883507853403142,7.865170157068059,29.581151832460733,3226,3226,6452,22.660008059516425,349,346,695,23.932437410071945,376,379,755,18.610712582781456,89,89,178,21.186808988764046,465,468,933,19.102302250803863,7325,22.744937610921497,7325,22.626285574472565,22.5888,26.83845818181818,73.56996587030717,3.9590443686006824,0.040955631399317405,99,36,312,1.3515358361774743,3,1,0,6452,22.536341781581648,588,23.91784497964733,107,23.95404510079005,178,20.821848227132534,755,18.57910923716984,7325,22.83821324232082,22.896,27.503999999999998,5.378839590443686,0.13651877133105803,1477,786,484,784,460,0.0,0,0,inf,0,0,0,0,0,0,0,0,107.30375426621161,42,yes
C_DR30,6820,2006.2956899999633,24.65579112936708,22.94001741781759,0.7694281524926686,0.020967741935483872,0.00967741935483871,6.703115835777119,0.6739032258064523,555.2812273500003,0.744539889999999,0.1169609999999998,0.08773594999999988,0.17016465999999986,179.1454856399995,21.348930000000003,276.7693865454152,5315,41.74656632173095,0.016556914393226718,7.049559736594553,0.6965249294449665,0.008466603951081843,495,40.525252525252526,0.012121212121212121,6.083898989898986,0.7136565656565655,0.00404040404040404,107,209.71028037383178,0.40186915887850466,8.626915887850467,0.22429906542056074,0.14018691588785046,755,58.10728476821192,0.003973509933774834,3.7263973509933783,0.5580132450331126,0.003973509933774834,148,44.57432432432432,0.02027027027027027,10.127027027027028,0.6447972972972973,0.006756756756756757,0,6820,6820,0,0,0,0,0,0,0,0,0,1528,0,0,0,0,0,0,0.0,0.0,0.0,0.0,1528,63.888743455497384,0.6151832460732984,7.9029123036649365,31.348167539267017,2658,2657,5315,23.12674543744121,300,302,602,24.13279734219269,376,379,755,18.538474172185435,73,75,148,21.431918918918917,449,454,903,19.012863787375416,6065,23.185246496290194,6065,23.0813578694394,23.17569230769231,27.42853090909091,76.30667765869744,4.732069249793899,0.0494641384995878,64,34,216,1.055234954657873,1,0,1,5315,23.017599351099406,495,23.990012489402275,107,24.870607013005223,148,21.038404016290087,755,18.509572129577816,6065,23.232500577081616,23.364,27.971999999999998,6.859027205276175,0.13190436933223412,1098,588,406,586,376,0.0,0,0,inf,0,0,0,0,0,0,0,0,96.94971145919209,42,yes
C1_X0,9365,2848.820140000332,21.14586443870453,19.790268464096844,0.9222673073500622,0.587293112653497,0.30389749065670046,15.459392418579855,1.1227976508275497,970.7965393599978,1.3663677000000027,0.20947237000000038,0.12330409000000021,0.22424186000000002,313.31169802000034,38.98192999999998,340.7714392807841,7597,52.437804396472295,0.6112939318151902,16.05093194682116,1.1183361853363167,0.3197314729498486,696,49.25,0.7471264367816092,13.31489942528737,1.5560344827586208,0.3448275862068966,107,220.3551401869159,0.8598130841121495,16.78897196261682,0.2803738317757009,0.38317757009345793,755,66.57350993377483,0.24503311258278146,10.382675496688739,0.7686092715231789,0.12980132450331125,210,55.871428571428574,0.28095238095238095,18.741761904761912,1.5509523809523806,0.18095238095238095,0,9365,9365,0,0,0,0,0,0,0,0,0,1528,0,0,0,0,0,0,0.0,0.0,0.0,0.0,1528,64.04842931937172,0.6027486910994765,7.910373036649214,29.18848167539267,3798,3799,7597,19.54335606160326,401,402,803,20.434819427148188,376,379,755,16.265372185430465,105,105,210,18.604800000000004,481,484,965,16.774358549222796,8610,19.603605574912887,8610,19.931644253951223,21.151285714285713,24.864,60.40650406504065,0.47619047619047616,0.0,1143,458,2601,13.275261324041812,85,31,37,7597,19.805384993368147,696,21.408422909776526,107,22.88548535655196,210,18.099704540698752,755,16.816700089676054,8610,15.880072473867596,16.488,21.528000000000002,0.03484320557491289,0.0,4882,2740,681,2733,1131,0.0,0,0,inf,0,0,0,0,0,0,0,0,318.23461091753774,42,yes
C1_L25,9365,2848.820140000332,21.005064059084276,19.664024864396623,0.9281882897312689,0.7236518953550454,0.35109450080085425,15.816241324079018,1.176187933796049,976.0984220800001,1.372987839999998,0.2131218499999997,0.12361614000000042,0.22444268999999958,315.0239864199997,39.70772999999996,342.6325194681776,7597,52.81387389759116,0.7527971567724102,16.41742266684215,1.1834934842701066,0.36672370672633936,696,49.33764367816092,0.8864942528735632,13.4125,1.6422413793103448,0.3922413793103448,107,220.2429906542056,1.0654205607476634,17.446168224299065,0.3177570093457944,0.45794392523364486,755,67.01324503311258,0.31920529801324504,10.831774834437093,0.7434437086092714,0.16688741721854305,210,56.2952380952381,0.4095238095238095,19.124333333333336,1.3604761904761906,0.2571428571428571,0,9365,9365,0,0,0,0,0,0,7,0,0,1528,0,0,0,0,0,382,76.35602094240838,0.6570680628272252,9.48062827225131,30.104712041884817,1146,64.10994764397905,0.568935427574171,7.873996509598602,28.44677137870855,3798,3799,7597,19.266913781755957,401,402,803,19.906296388542962,376,379,755,15.878860927152319,105,105,210,18.694114285714285,481,484,965,16.490947150259068,8610,19.312574216027873,8610,19.36211464440425,20.668821428571427,24.6714,55.33101045296167,0.29036004645760743,0.0,1628,819,3006,18.908246225319395,118,57,65,7597,19.232620946735878,696,21.013667390101105,107,21.68860491052615,210,17.387583462054533,755,16.45716753865711,8610,15.236763763066202,16.092,21.276,0.03484320557491289,0.0,5932,3268,768,3260,1448,0.0,0,0,inf,7,7,7,2,0,0,0,5,379.55865272938445,42,yes
C1_M50,9365,2848.820140000332,20.998623339137612,19.716610153071173,0.9257127602776295,0.808435664709023,0.37479978643886813,15.664689802455923,1.141484249866524,975.9687681300036,1.3723974800000007,0.21331451999999937,0.12356548000000007,0.22457096999999923,314.98206831000164,39.41224,342.5870080130401,7597,52.649072002106095,0.8395419244438594,16.253515861524303,1.142029748584968,0.3912070554166118,696,49.28879310344828,0.8879310344827587,13.344770114942543,1.5732758620689655,0.3807471264367816,107,220.01869158878506,1.0186915887850467,17.35327102803738,0.308411214953271,0.4392523364485981,755,66.84503311258278,0.44370860927152317,10.622264900662252,0.7275496688741718,0.20794701986754968,210,56.51428571428571,0.6238095238095238,19.320428571428565,1.603333333333333,0.32857142857142857,0,9365,9365,0,0,0,0,0,0,7,0,0,1528,0,0,0,0,0,764,76.87303664921465,0.6413612565445026,9.513468586387434,31.413612565445025,764,64.08769633507853,0.6086387434554974,7.931963350785347,31.151832460732983,3798,3799,7597,19.128410688429646,401,402,803,19.817439601494392,376,379,755,15.95391258278146,105,105,210,18.116571428571426,481,484,965,16.424169948186528,8610,19.167993031358886,8610,19.11045084868084,20.298857142857145,24.51055714285714,52.32288037166086,0.2787456445993031,0.0,1879,1054,3273,21.823461091753774,140,65,78,7597,18.9817566827313,696,20.760693830858592,107,21.476709792733235,210,17.091073496820314,755,16.396943774121695,8610,14.992532404181185,16.02,21.240000000000002,0.0,0.0,6505,3565,856,3557,1663,0.0,0,0,inf,7,7,7,2,0,0,1,4,414.0534262485482,42,yes
C1_H75,9365,2848.820140000332,20.809182596157093,19.51562277765848,0.9352464851397045,1.0381206620395087,0.4548852108916177,16.24916924719708,1.198398291510945,985.3975688899978,1.390887980000001,0.21461181000000024,0.12438793000000008,0.2254890499999995,318.0287979599998,39.58062000000003,345.8967293350724,7597,53.22021850730552,1.0658154534684745,16.831644070027686,1.2037646439383967,0.4716335395550875,696,49.93103448275862,1.1221264367816093,14.000330459770112,1.6479885057471264,0.46551724137931033,107,220.48598130841123,1.4672897196261683,18.015327102803735,0.32710280373831774,0.5981308411214953,755,67.54172185430464,0.695364238410596,11.348860927152307,0.7580132450331124,0.28344370860927154,210,56.49047619047619,0.7714285714285715,19.34861904761906,1.5414285714285714,0.35714285714285715,0,9365,9365,0,0,0,0,0,0,15,0,0,1528,0,0,0,0,0,1146,76.37783595113439,0.6116928446771379,9.435776614310651,30.45375218150087,382,63.81937172774869,0.5418848167539267,7.873376963350784,29.842931937172775,3798,3799,7597,19.008691852046862,401,402,803,19.114565379825653,376,379,755,15.478188079470197,105,105,210,18.507257142857142,481,484,965,16.137550259067357,8610,19.00633588850174,8610,18.4461424424275,19.6335,24.294,47.65389082462253,0.25551684088269455,0.0,2391,1527,3528,27.770034843205575,201,119,91,7597,18.325570574749396,696,19.778145479609595,107,21.47277608108652,210,16.851192754500467,755,15.652380374017557,8610,14.466443205574913,15.659999999999998,21.06,0.0,0.0,7754,4196,987,4186,1991,0.0,0,0,inf,15,15,15,6,0,0,0,9,487.3403019744483,42,yes
OW_FULL_OBS,9365,1780.7743399999445,22.3070261555684,15.553180304959666,0.7335557928457022,5.950880939668981,0.5695675387079552,22.56749172450616,4.950026695141483,751.0730381100037,1.069337530000004,0.18653973000000018,0.10352777000000035,0.1850386,242.3878062400002,31.79162000000001,421.7676665927403,7597,38.174410951691456,4.909569566934316,21.815895748321644,5.289982887982097,0.5492957746478874,696,45.26724137931034,9.806034482758621,29.321034482758623,4.530172413793104,0.9109195402298851,107,204.19626168224298,0.5046728971962616,5.861028037383178,0.056074766355140186,0.1588785046728972,755,79.18675496688742,13.05430463576159,25.265112582781438,2.197748344370861,0.4900662251655629,210,43.01428571428571,8.08095238095238,26.187952380952364,6.431904761904762,0.6666666666666666,0,9365,9365,0,0,0,0,0,0,0,0,0,1528,0,0,0,0,0,0,0.0,0.0,0.0,0.0,1528,62.81413612565445,0.0,6.663403141361252,0.0,3798,0,3798,31.92444549763033,401,53,454,30.917259911894277,376,379,755,18.467713907284768,105,0,105,28.524685714285717,481,379,860,19.696144186046514,4357,31.737565297222858,4357,29.582552811460452,32.504,40.97134285714286,79.02226302501721,60.38558641266927,35.07000229515722,813,688,1020,18.65962818453064,133,122,86,3798,30.620708891583252,347,27.414069759327443,107,1.9202768097661738,105,27.38646099207999,755,16.55720969580184,4357,31.80282304337847,33.588,41.76,65.73330273123709,39.017672710580676,4141,2260,862,2258,1357,0.0,0,0,inf,0,0,0,0,0,0,0,0,518.7055313288961,42,yes
OW_FULL_DR15,8080,1554.1056899999799,24.177878693328903,17.937968053453485,0.6433498349834983,5.048143564356436,0.29876237623762375,16.313315594059357,3.5374455445544553,588.7967510199985,0.8199932400000021,0.13629787999999965,0.08469951000000005,0.1681903599999996,189.98482641000044,23.899079999999998,378.8653209422367,6452,31.970706757594545,4.120117792932424,15.607703037817666,3.8063406695598245,0.2864228146311221,588,35.26360544217687,6.0272108843537415,19.149761904761895,3.267057823129253,0.4370748299319728,107,204.21495327102804,0.5420560747663551,6.283457943925234,0.09345794392523364,0.19626168224299065,755,74.97483443708609,12.405298013245034,20.736304635761602,1.4891390728476828,0.304635761589404,178,36.11797752808989,6.955056179775281,19.788707865168547,5.442247191011234,0.3258426966292135,0,8080,8080,0,0,0,0,0,0,0,0,0,1528,0,0,0,0,0,0,0.0,0.0,0.0,0.0,1528,62.63023560209424,0.0,6.637873036649205,0.0,3226,0,3226,33.66103781773094,349,53,402,31.97265671641792,376,379,755,18.547056953642386,89,0,89,31.683640449438204,465,379,844,19.93265402843602,3717,33.43108958837773,3717,31.573490476830887,34.144,41.56572857142857,85.25692762980898,66.69357008340059,40.89319343556632,455,386,598,12.24105461393597,110,104,78,3226,32.752426759678755,295,29.952751265550756,107,1.9176173084562926,89,29.866165172072506,755,16.823460496598397,3717,33.46354479418886,34.74,42.480000000000004,71.05192359429648,43.66424535916061,2774,1552,702,1549,975,0.0,0,0,inf,0,0,0,0,0,0,0,0,417.54102771051924,42,yes
OW_FULL_DR30,6820,1330.17783000001,25.060059734109444,18.888087611970466,0.6195674486803519,5.254838709677419,0.1904692082111437,13.778055718475086,2.570824046920825,483.79702976999897,0.6452603000000031,0.11346967000000001,0.07424318999999983,0.15483765,156.0675730500001,17.542600000000007,363.7085349482898,5315,29.22615239887112,4.163311382878645,12.858048918156145,2.8493000940733797,0.1793038570084666,495,32.484848484848484,5.993939393939394,16.46319191919191,2.715676767676768,0.24444444444444444,107,204.2336448598131,0.5607476635514018,5.898504672897196,0.06542056074766354,0.21495327102803738,755,72.92582781456953,12.309933774834438,18.566423841059603,0.8666225165562915,0.22251655629139072,148,35.12162162162162,9.385135135135135,19.10635135135135,2.5907432432432427,0.22972972972972974,0,6820,6820,0,0,0,0,0,0,0,0,0,1528,0,0,0,0,0,0,0.0,0.0,0.0,0.0,1528,62.647905759162306,0.0,6.649332460732988,0.0,2658,0,2658,34.89614898419864,300,53,353,32.076713881019835,376,379,755,18.65376953642384,73,0,73,32.61304109589041,449,379,828,19.88417391304348,3084,34.51938910505836,3084,32.57841188006107,34.614000000000004,42.17708571428571,86.73800259403372,70.13618677042801,42.38002594033723,288,228,377,9.33852140077821,97,90,66,2658,34.07995079778683,246,30.126047632845655,107,1.926353067371066,73,31.098431804139924,755,17.011134917490292,3084,34.545478599221795,35.352000000000004,42.876000000000005,74.64332036316472,46.56290531776913,2055,1174,618,1171,760,0.0,0,0,inf,0,0,0,0,0,0,0,0,380.67444876783395,42,yes
OW_REDUCED_OBS,9365,2246.4353100002836,24.233310575947314,17.35417518621184,0.8293415198433886,5.9329418045915645,0.6254137746930059,23.845655098771942,6.6635344367325136,874.110456339998,1.2635516100000006,0.21064829000000007,0.11755781999999977,0.20822521999999877,282.11706947000044,36.911630000000024,389.1100057272015,7597,44.61682242990654,4.947084375411347,23.33437936027374,7.206923785704883,0.6223509279978939,696,50.83477011494253,9.53735632183908,29.95420977011497,5.420977011494253,0.8994252873563219,107,203.77570093457945,0.48598130841121495,5.859252336448597,0.45794392523364486,0.14018691588785046,755,78.94834437086092,12.683443708609271,25.01468874172186,2.8109933774834435,0.46225165562913906,210,48.86666666666667,8.157142857142857,27.057714285714294,8.136666666666668,0.6619047619047619,0,9365,9365,0,0,0,0,0,0,0,0,0,1528,0,0,0,0,0,0,0.0,0.0,0.0,0.0,1528,62.80235602094241,0.0,6.65162303664921,0.0,3798,0,3798,31.87198104265403,401,53,454,31.123348017621137,376,379,755,18.33353642384106,105,0,105,29.242285714285714,481,379,860,19.66479069767442,4357,31.73059995409686,4357,29.686540659893144,32.6628,40.875299999999996,80.00918062887308,60.77576313977507,35.047050722974525,776,655,1007,17.810420013770944,133,124,93,3798,30.72539220120737,347,27.52959473879961,107,1.9283868761881335,105,27.524869570030923,755,16.555222208241666,4357,31.830238237319257,33.66,41.688,65.98577002524672,39.27014000459032,4141,2268,875,2267,1327,0.0,0,0,inf,0,0,0,0,0,0,0,0,520.5416571035116,42,yes
OW_REDUCED_DR15,8080,1949.1456100002606,26.265588786672073,19.58153114326161,0.7391584158415843,5.1319306930693065,0.3589108910891089,17.67179455445538,3.8440049504950498,692.4366936399994,0.9870971300000008,0.15995348999999967,0.09692512999999997,0.18773698000000083,223.45184928999933,28.151479999999996,355.25139327066836,6452,38.44218846869188,4.276193428394296,17.15555176689388,4.079744265344079,0.36035337879727214,588,41.554421768707485,5.758503401360544,20.529727891156437,3.440527210884355,0.4489795918367347,107,203.80373831775702,0.5233644859813084,6.317476635514014,0.42990654205607476,0.1588785046728972,755,74.7205298013245,12.137748344370861,20.47900662251656,2.0043708609271524,0.2913907284768212,178,43.03370786516854,7.134831460674158,21.861685393258433,6.487191011235954,0.4157303370786517,0,8080,8080,0,0,0,0,0,0,0,0,0,1528,0,0,0,0,0,0,0.0,0.0,0.0,0.0,1528,62.63089005235602,0.0,6.638527486910985,0.0,3226,0,3226,33.61576441413515,349,53,402,31.93898507462686,376,379,755,18.528651655629137,89,0,89,32.0634606741573,465,379,844,19.956454976303313,3717,33.39724939467312,3717,31.547844621004447,34.12,41.66961428571428,85.01479687920366,66.72047350013452,41.458165186978746,463,398,617,12.456281947807371,113,105,78,3226,32.72428719792517,295,30.000111699127192,107,1.9109193204599613,89,29.666141991406526,755,16.796063087288346,3717,33.47092493946731,34.884,42.336,71.56308851224105,44.498251277912296,2836,1573,718,1569,993,0.0,0,0,inf,0,0,0,0,0,0,0,0,423.1907452246435,42,yes
OW_REDUCED_DR30,6820,1656.5675200001767,27.15463723321636,20.51307450365514,0.7104692082111437,5.31158357771261,0.21994134897360704,14.933582111436998,2.653228739002939,568.0743039900001,0.7812538800000005,0.1317314799999997,0.08437009000000022,0.1708204399999999,183.28253931999987,21.31126999999999,342.922517272305,5315,35.45663217309502,4.273565380997177,14.168097836312365,2.879215428033869,0.21448730009407338,495,38.81414141414142,5.844444444444444,17.830121212121213,2.7459797979797984,0.2767676767676768,107,203.79439252336448,0.5327102803738317,5.798878504672897,0.40186915887850466,0.18691588785046728,755,72.94437086092715,12.10728476821192,18.57300662251659,1.2467549668874174,0.22119205298013245,148,41.75675675675676,9.594594594594595,20.774189189189194,3.029932432432432,0.24324324324324326,0,6820,6820,0,0,0,0,0,0,0,0,0,1528,0,0,0,0,0,0,0.0,0.0,0.0,0.0,1528,62.63743455497382,0.0,6.638861256544505,0.0,2658,0,2658,34.897869074492085,300,53,353,32.14871388101982,376,379,755,18.67718145695364,73,0,73,32.77134246575343,449,379,828,19.92039130434783,3084,34.53285992217898,3084,32.622627929255,34.616,42.08480357142857,87.54863813229572,70.03891050583658,43.02853437094682,262,223,382,8.495460440985733,93,85,68,2658,34.103597486211044,246,30.379921502763466,107,1.9056874327041498,73,31.280180417730655,755,17.03510747370104,3084,34.50326848249027,35.316,42.75179999999999,74.15693904020752,46.335927367055774,2021,1175,631,1173,755,0.0,0,0,inf,0,0,0,0,0,0,0,0,380.99870298313874,42,yes
